x_m,z_m
-0.004723,1.006866
0.004678,0.993017
0.014233,0.979272
0.023984,0.965668
0.033958,0.952226
0.044172,0.938967
0.054632,0.925901
0.065353,0.913050
0.076344,0.900429
0.087618,0.888062
0.099181,0.875965
0.111032,0.864153
0.123172,0.852638
0.135615,0.841454
0.148373,0.830630
0.161453,0.820201
0.174847,0.810176
0.188555,0.800591
0.202584,0.791479
0.216928,0.782874
0.231582,0.774810
0.246538,0.767322
0.261784,0.760441
0.277309,0.754216
0.293096,0.748689
0.309122,0.743900
0.325355,0.739869
0.341764,0.736628
0.358309,0.734177
0.374954,0.732534
0.391660,0.731721
0.408385,0.731746
0.425088,0.732604
0.441728,0.734289
0.458267,0.736777
0.474669,0.740051
0.490899,0.744090
0.506927,0.748870
0.522726,0.754361
0.538265,0.760550
0.553525,0.767398
0.568495,0.774863
0.583162,0.782903
0.597513,0.791500
0.611537,0.800619
0.625234,0.810225
0.638607,0.820278
0.651664,0.830739
0.664408,0.841581
0.676836,0.852786
0.688952,0.864326
0.700777,0.876168
0.712331,0.888274
0.723612,0.900638
0.734622,0.913244
0.745365,0.926079
0.755850,0.939127
0.766087,0.952369
0.776081,0.965798
0.785831,0.979403
0.795277,0.993134
