tag,sweep,substeps,iterations,budget,bend_damping,stretch_damping,damping_ratio,bend_stiffness_N_m,rmse_mm,max_abs_error_mm,sag_error_mm,arc_drift_pct,settled,settled_time_s,final_max_speed_mps,wall_s,status
s4_i5_bd1.00e-04_sd1.00e-02,budget,4,5,20,0.0001,0.01,0.0016577822843297522,0.060321551837809864,70.92899933025942,103.31531482935685,103.23204577051132,14.510674963323677,True,7.599999999999978,0.0015708082332386304,6.43,ok
s4_i10_bd1.00e-04_sd1.00e-02,budget,4,10,40,0.0001,0.01,0.0016577822843297522,0.060321551837809864,39.77257197148139,57.584420172713926,57.49324866024191,7.812387655068642,True,5.999999999999984,0.0008809998640359221,7.48,ok
s4_i25_bd1.00e-04_sd1.00e-02,budget,4,25,100,0.0001,0.01,0.0016577822843297522,0.060321551837809864,17.633977845548785,25.43373081418787,25.336371379755917,3.3423795027088365,True,5.899999999999984,0.0009163018160318033,12.44,ok
s4_i50_bd1.00e-04_sd1.00e-02,budget,4,50,200,0.0001,0.01,0.0016577822843297522,0.060321551837809864,9.250219475839033,13.239068725111935,13.13940991286916,1.7200204712533251,True,5.499999999999986,0.0005158209973586571,20.05,ok
s4_i100_bd1.00e-04_sd1.00e-02,budget,4,100,400,0.0001,0.01,0.0016577822843297522,0.060321551837809864,4.8117430785382656,6.865622441123209,6.6887259008015505,0.874449957443546,True,3.899999999999991,0.0014239336373254204,26.6,ok
s4_i200_bd1.00e-04_sd1.00e-02,budget,4,200,800,0.0001,0.01,0.0016577822843297522,0.060321551837809864,2.563485837784219,6.865622441123209,3.4194532090350838,0.4415755125048104,True,5.2999999999999865,0.0016437026461174925,65.69,ok
s8_i5_bd1.00e-04_sd1.00e-02,budget,8,5,40,0.0001,0.01,0.0016577822843297522,0.060321551837809864,34.80752083218124,50.31896271878311,50.226309493924646,6.786139524273649,False,,0.0022631521033786833,8.98,ok
s8_i10_bd1.00e-04_sd1.00e-02,budget,8,10,80,0.0001,0.01,0.0016577822843297522,0.060321551837809864,18.83233692123226,27.184194637802193,27.087002125617598,3.5774925838312432,False,,0.0011621552594722037,13.69,ok
s8_i25_bd1.00e-04_sd1.00e-02,budget,8,25,200,0.0001,0.01,0.0016577822843297522,0.060321551837809864,8.097071099330627,11.538617893354308,11.439097774011808,1.4995550008562786,False,,0.004682591521405278,27.87,ok
s8_i50_bd1.00e-04_sd1.00e-02,budget,8,50,400,0.0001,0.01,0.0016577822843297522,0.060321551837809864,4.2800953813543,6.865622441123209,5.954040842561847,0.773532821662748,False,,0.0038854440760462674,51.1,ok
s8_i100_bd1.00e-04_sd1.00e-02,budget,8,100,800,0.0001,0.01,0.0016577822843297522,0.060321551837809864,2.3671990665725104,6.865622441123209,3.052920214378252,0.4022699329427448,False,,0.005307469622124304,99.43,ok
s8_i200_bd1.00e-04_sd1.00e-02,budget,8,200,1600,0.0001,0.01,0.0016577822843297522,0.060321551837809864,1.5311637090503958,6.865622441123209,1.8545583842724533,0.21571358258722917,False,,0.008310957757155976,190.11,ok
s10_i5_bd1.00e-04_sd1.00e-02,budget+stretch_damping+bend_damping_control,10,5,50,0.0001,0.01,0.0016577822843297522,0.060321551837809864,27.812673566865723,40.20024584755555,40.105660057297044,5.364398460921738,False,,0.0009546545065000126,10.09,ok
s10_i10_bd1.00e-04_sd1.00e-02,budget,10,10,100,0.0001,0.01,0.0016577822843297522,0.060321551837809864,14.903026995377244,21.412077045813827,21.31370349611811,2.8087972384808646,False,,0.0038198811170261143,15.95,ok
s10_i25_bd1.00e-04_sd1.00e-02,budget,10,25,250,0.0001,0.01,0.0016577822843297522,0.060321551837809864,6.397339962409014,9.160016403998107,9.059354708972734,1.1767333283657644,False,,0.0009691154261508086,33.31,ok
s10_i50_bd1.00e-04_sd1.00e-02,budget,10,50,500,0.0001,0.01,0.0016577822843297522,0.060321551837809864,3.421229457197975,6.865622441123209,4.644158250282137,0.6082252495390073,False,,0.005558972135649038,62.38,ok
s10_i100_bd1.00e-04_sd1.00e-02,budget,10,100,1000,0.0001,0.01,0.0016577822843297522,0.060321551837809864,1.9663510636901593,6.865622441123209,2.608540270375548,0.32130811283113125,False,,0.008873998001664512,120.98,ok
s10_i200_bd1.00e-04_sd1.00e-02,budget,10,200,2000,0.0001,0.01,0.0016577822843297522,0.060321551837809864,1.310417881029224,6.865622441123209,1.2545970062567968,0.17369690890840506,False,,0.02101414940529635,239.55,ok
s16_i5_bd1.00e-04_sd1.00e-02,budget,16,5,80,0.0001,0.01,0.0016577822843297522,0.060321551837809864,17.43769279379111,25.11615256732147,25.019388737127002,3.3033802438159565,False,,0.0038753498475117567,14.34,ok
s16_i10_bd1.00e-04_sd1.00e-02,budget,16,10,160,0.0001,0.01,0.0016577822843297522,0.060321551837809864,9.241835307930135,13.249271245033277,13.14844168689916,1.7186386160222389,False,,0.00211997030885096,23.56,ok
s16_i25_bd1.00e-04_sd1.00e-02,budget,16,25,400,0.0001,0.01,0.0016577822843297522,0.060321551837809864,3.997437483128134,6.865622441123209,5.5198811771694505,0.7192728137065396,False,,0.0028221181984053557,51.59,ok
s16_i50_bd1.00e-04_sd1.00e-02,budget,16,50,800,0.0001,0.01,0.0016577822843297522,0.060321551837809864,2.2483329895736093,6.865622441123209,2.8418967696743347,0.3780121083755139,False,,0.01967057671363246,98.29,ok
s16_i100_bd1.00e-04_sd1.00e-02,budget,16,100,1600,0.0001,0.01,0.0016577822843297522,0.060321551837809864,1.4281614831518001,6.865622441123209,1.7654817375303833,0.20287657075170884,False,,0.016070923029927506,192.48,ok
s16_i200_bd1.00e-04_sd1.00e-02,budget,16,200,3200,0.0001,0.01,0.0016577822843297522,0.060321551837809864,2.0947906075913703,6.865622441123209,2.6503406861848045,0.11680727582261685,False,,0.025564935872617482,379.72,ok
s10_i5_bd1.00e-04_sd0.00e+00,stretch_damping,10,5,50,0.0001,0.0,0.0016577822843297522,0.060321551837809864,4.777221149670938,6.865622441123209,6.719470528075034,0.8688605096239144,False,,0.005130288856140085,10.03,ok
s10_i5_bd1.00e-04_sd1.00e-04,stretch_damping,10,5,50,0.0001,0.0001,0.0016577822843297522,0.060321551837809864,5.041656661655329,7.075875421123534,6.9746035552507575,0.9176511719596769,False,,0.005798158785361174,10.14,ok
s10_i5_bd1.00e-04_sd1.00e-01,stretch_damping,10,5,50,0.0001,0.1,0.0016577822843297522,0.060321551837809864,163.139260331111,239.64673255053492,239.58113125278518,36.22465781586042,True,3.899999999999991,0.0014348366251455745,6.72,ok
s10_i5_bd6.00e-02_sd1.00e-02,bend_damping_control,10,5,50,0.06,0.01,0.9946693705978513,0.060321551837809864,27.807485704252322,40.1865019658596,40.0920453023324,5.363062576398603,False,,0.0004253715680059583,10.08,ok
