run,EI_Nm2,rest_curvature_per_m,rest_curl_direction_deg,score_mm,shape_rms_mm,shape_hanging_rms_mm,shape_lying_rms_mm,shape_max_mm,arc_rms_mm,moved_max_mm,settled,wall_s,stage,error
EI0.000625_k3_p0,0.0006250000000000003,3.0,0.0,26.05962302043951,26.05962302043951,37.40013074837094,12.234974753195146,55.4376474273572,34.64061054319778,77.2564624481344,True,93.6,coarse grid,
EI0.000625_k3_p60,0.0006250000000000003,3.0,60.0,28.874837901538296,28.874837901538296,40.56574781408409,15.380268937024116,61.96539397351566,40.77828885817889,86.90140540290474,True,117.4,coarse grid,
EI0.000625_k6_p0,0.0006250000000000003,6.0,0.0,26.9324045309745,26.9324045309745,38.84241519814001,12.209658183645782,56.191319165470595,34.650247647491085,78.6149469884703,True,118.2,coarse grid,
EI0.000625_k0_p0,0.0006250000000000003,0.0,0.0,37.30693841725456,37.30693841725456,50.69761882766501,22.91088389086953,80.75382891712775,56.09923327147465,110.62761813399038,True,125.1,coarse grid,
EI0.000625_k3_p120,0.0006250000000000003,3.0,120.0,34.00390821701501,34.00390821701501,46.86261798950311,19.781976624963356,74.02848448153404,50.133016095716314,101.19260112280936,True,132.9,coarse grid,
EI0.000625_k3_p180,0.0006250000000000003,3.0,180.0,37.08922952618141,37.08922952618141,50.3155593896712,22.91696653643647,80.59156245816241,56.46324553767445,108.5524533301758,True,144.0,coarse grid,
EI0.000625_k6_p60,0.0006250000000000003,6.0,60.0,28.21380412703712,28.21380412703712,39.79726720057632,14.713427965270593,59.737139537355816,38.8718728081853,84.63644002437722,True,68.4,coarse grid,
EI0.000625_k3_p300,0.0006250000000000003,3.0,300.0,41.75607725271124,41.75607725271124,54.839866638275225,28.528019267986085,88.09737962428066,64.23382599572585,120.19896028668467,True,168.3,coarse grid,
EI0.000625_k3_p240,0.0006250000000000003,3.0,240.0,39.345535637893114,39.345535637893114,52.500544593059274,25.675939738188525,83.6496052712165,60.72528514791997,113.25395891093608,True,175.7,coarse grid,
EI0.000625_k6_p180,0.0006250000000000003,6.0,180.0,32.806823686533455,32.806823686533455,45.33556327731342,18.87021270318836,71.86067313013794,48.56056848459476,96.82960708378404,True,68.4,coarse grid,
EI0.000625_k6_p120,0.0006250000000000003,6.0,120.0,32.292465360388945,32.292465360388945,44.75874684954764,18.335692949350474,69.59323152339744,46.26930045162229,96.06259374491195,True,76.9,coarse grid,
EI0.000625_k9_p0,0.0006250000000000003,9.0,0.0,27.948867928364947,27.948867928364947,40.35540536997134,12.559862390926385,56.91605113980847,35.30948090620371,80.33040077704082,True,52.1,coarse grid,
EI0.000625_k9_p60,0.0006250000000000003,9.0,60.0,27.82113754378205,27.82113754378205,39.24472293292917,14.505995602082267,57.73973771535721,37.606202242685065,83.03006767430699,True,51.6,coarse grid,
EI0.000625_k9_p240,0.0006250000000000003,9.0,240.0,17.57598155533635,17.57598155533635,24.349454539923663,10.000485243161597,40.70492778071976,21.55115338839939,46.8313070605551,True,44.2,coarse grid,
EI0.000625_k9_p120,0.0006250000000000003,9.0,120.0,27.72864869172404,27.72864869172404,38.56898024263248,15.497991168826726,58.939919682141834,38.90402361090891,83.21909755578946,True,68.5,coarse grid,
EI0.000625_k6_p300,0.0006250000000000003,6.0,300.0,41.49602635551423,41.49602635551423,56.04879832468365,26.031813406901133,88.66962262806892,60.91746857470149,127.44807856142829,True,127.9,coarse grid,
EI0.000625_k6_p240,0.0006250000000000003,6.0,240.0,31.88965417969217,30.88965417969217,43.17645621774015,16.873625362163853,68.69979016889965,45.62757611478075,91.01228685183116,False,138.0,coarse grid,
EI0.00125_k3_p0,0.0012500000000000007,3.0,0.0,20.345192960461592,20.345192960461592,26.83879911473878,13.730746411050205,41.24572224364851,28.504111264480212,56.987821023443246,True,60.3,coarse grid,
EI0.00125_k3_p60,0.0012500000000000007,3.0,60.0,31.251529453633868,31.251529453633868,39.82430846290825,22.98748715618843,63.529549737452285,49.39375645352298,86.69982032853356,True,51.3,coarse grid,
EI0.000625_k9_p180,0.0006250000000000003,9.0,180.0,12.288505710539464,11.288505710539464,15.72698923098213,6.262771191125274,25.349201841988755,16.519050586794414,33.16110256007781,False,137.4,coarse grid,
EI0.000625_k9_p300,0.0006250000000000003,9.0,300.0,39.75986465206354,39.75986465206354,55.35548561945121,22.12741732158072,88.70842398563214,56.59269229425581,126.0096698551345,True,119.6,coarse grid,
EI0.00125_k0_p0,0.0012500000000000007,0.0,0.0,57.11194974323497,56.11194974323497,48.52026245675413,61.09737572616081,104.30696253629533,102.1672719628933,190.35329353073985,False,137.1,coarse grid,
EI0.00125_k6_p0,0.0012500000000000007,6.0,0.0,20.083543400508002,20.083543400508002,27.079359355404055,12.674069393931385,40.17352282577335,26.723956044590672,55.2109230587571,True,60.6,coarse grid,
EI0.00125_k3_p120,0.0012500000000000007,3.0,120.0,40.58503991591608,40.58503991591608,44.64260692431532,37.31958510498585,80.14981706204844,71.84020190992574,122.21753316116309,True,120.0,coarse grid,
EI0.00125_k6_p60,0.0012500000000000007,6.0,60.0,27.850055131739964,27.850055131739964,36.158897448733676,19.60578317673681,56.74954296316639,41.90376721212625,79.33246344341009,True,60.3,coarse grid,
EI0.00125_k3_p300,0.0012500000000000007,3.0,300.0,72.06921919660257,72.06921919660257,58.15104560914147,80.79141605058206,139.70674660591828,129.86426073986945,242.48303738199917,True,119.8,coarse grid,
EI0.00125_k3_p180,0.0012500000000000007,3.0,180.0,55.23910080307925,55.23910080307925,48.334553319655825,59.81162363797756,101.09285130663788,102.07052843226813,191.024713767617,True,136.7,coarse grid,
EI0.00125_k3_p240,0.0012500000000000007,3.0,240.0,69.88922150110432,68.88922150110432,55.098446376876,77.48272094599429,133.89305709477696,124.83643758107792,234.7290590382878,False,136.5,coarse grid,
EI0.00125_k6_p120,0.0012500000000000007,6.0,120.0,36.2242252425242,36.2242252425242,43.40330040182254,29.8608253668439,70.8207419059788,60.40271106215933,95.8417265495567,True,85.6,coarse grid,
EI0.00125_k9_p0,0.0012500000000000007,9.0,0.0,22.301639330306692,22.301639330306692,29.89447933236486,14.346419068713315,41.755432880380894,30.068744227213944,58.77157936451937,True,34.6,coarse grid,
EI0.00125_k9_p120,0.0012500000000000007,9.0,120.0,32.153962617675475,32.153962617675475,40.903970199699906,23.740660188116177,65.99876949561042,50.06289784810659,87.57890639303506,True,42.7,coarse grid,
EI0.00125_k9_p60,0.0012500000000000007,9.0,60.0,25.5401434234008,25.5401434234008,33.26532143072276,17.83574958591414,50.92283626947571,36.87411028964474,72.64831249932787,True,51.4,coarse grid,
EI0.0025_k3_p0,0.002500000000000002,3.0,0.0,23.051866394481937,23.051866394481937,22.05517737835099,23.75838529200016,39.52671951192324,35.694762532203015,48.536305174580406,True,26.2,coarse grid,
EI0.00125_k6_p180,0.0012500000000000007,6.0,180.0,49.81152133650401,48.81152133650401,46.73289401517467,50.28580389451521,85.55384570193452,90.18419388894726,165.03869973130546,False,138.1,coarse grid,
EI0.00125_k6_p240,0.0012500000000000007,6.0,240.0,58.307648186288354,57.307648186288354,49.76826200112917,62.273851440371466,106.15599655942216,104.58040203972368,195.85671884824376,False,137.5,coarse grid,
EI0.00125_k6_p300,0.0012500000000000007,6.0,300.0,56.047324599933845,55.047324599933845,51.033137439659995,57.822658755504285,99.9501034818881,98.10737498145953,179.08739516225035,False,137.8,coarse grid,
EI0.00125_k9_p180,0.0012500000000000007,9.0,180.0,42.381103041476884,42.381103041476884,45.63943284727969,39.814301852920806,81.42401922600835,75.7337457265022,132.1925560536598,True,120.6,coarse grid,
EI0.0025_k3_p60,0.002500000000000002,3.0,60.0,35.63056966763026,35.63056966763026,39.49090241314121,32.499364065033156,70.31939119642459,60.235218347169514,93.13610368702355,True,51.9,coarse grid,
EI0.00125_k9_p300,0.0012500000000000007,9.0,300.0,43.11779246674359,43.11779246674359,48.7344741635976,38.46592967776876,85.51288000289357,71.1721770169423,117.35934155404928,True,129.3,coarse grid,
EI0.00125_k9_p240,0.0012500000000000007,9.0,240.0,45.80967665177492,44.80967665177492,47.67852568845568,42.57603062788946,83.40212757194357,80.21928291021167,141.40367213407154,False,138.3,coarse grid,
EI0.0025_k0_p0,0.002500000000000002,0.0,0.0,111.47839834471002,111.47839834471002,73.64800934224796,132.58718901021817,213.68618062440402,217.96795887009247,384.1838923952955,True,126.9,coarse grid,
EI0.0025_k6_p0,0.002500000000000002,6.0,0.0,27.27330082730307,27.27330082730307,26.44599730637421,27.86621654506304,41.35195796445603,44.37723553424385,67.1011186642965,True,51.2,coarse grid,
EI0.0025_k6_p60,0.002500000000000002,6.0,60.0,35.32905459387036,35.32905459387036,37.12829993492215,33.94464304990155,59.1317124370672,57.34778035354865,78.00865071259724,True,51.4,coarse grid,
EI0.0025_k3_p120,0.002500000000000002,3.0,120.0,80.10038868825998,79.10038868825998,61.9236902219292,89.65943333646621,155.773728307065,145.8754420691628,269.6159179759237,False,136.5,coarse grid,
EI0.0025_k3_p180,0.002500000000000002,3.0,180.0,113.72298011424084,112.72298011424084,77.15303838663858,132.94675979826454,213.7405049706385,214.4520272673578,374.8361325646182,False,136.3,coarse grid,
EI0.0025_k3_p240,0.002500000000000002,3.0,240.0,117.69956654981385,116.69956654981385,77.84707215159538,138.48882475539006,219.01612554665613,226.234315256805,393.50791110980225,False,136.3,coarse grid,
EI0.0025_k3_p300,0.002500000000000002,3.0,300.0,102.47928556473812,101.47928556473812,73.41143840202271,117.93693720866274,198.73962463264095,184.25240555671928,330.282854131122,False,136.4,coarse grid,
EI0.0025_k9_p0,0.002500000000000002,9.0,0.0,49.88065676952378,49.88065676952378,40.19667387581474,55.94441227941779,88.55884908010594,113.21560054709789,186.4904778427038,True,53.2,coarse grid,
EI0.0025_k9_p60,0.002500000000000002,9.0,60.0,51.69659261840758,51.69659261840758,45.03135763074361,56.096438723303066,88.58976667343205,113.32104575963423,183.80186220220946,True,51.1,coarse grid,
EI0.0025_k6_p120,0.002500000000000002,6.0,120.0,46.485886737761554,46.485886737761554,47.96533002609359,45.366771338536076,83.83043513385037,82.26982486255858,147.5459870277738,True,136.2,coarse grid,
EI0.0025_k9_p120,0.002500000000000002,9.0,120.0,42.962508145552064,42.962508145552064,42.81161357792163,43.07317358218263,77.95770059464536,75.76659146182489,109.22846744324485,True,51.6,coarse grid,
EI0.0025_k6_p180,0.002500000000000002,6.0,180.0,113.85990336793029,112.85990336793029,80.99237000945686,131.46023960927263,210.4972019011448,204.2060366006294,356.76735728763083,False,136.5,coarse grid,
EI0.0025_k6_p240,0.002500000000000002,6.0,240.0,115.09449293194245,114.09449293194245,78.32647129328942,134.46395236250973,216.4113759577256,215.18121866903783,377.3510819197422,False,136.2,coarse grid,
EI0.0025_k6_p300,0.002500000000000002,6.0,300.0,97.84937268129985,96.84937268129985,70.39689024100934,112.4023832602212,193.28085673396143,181.83406595187023,327.4037670659884,False,136.3,coarse grid,
EI0.0025_k9_p300,0.002500000000000002,9.0,300.0,55.133346310847,55.133346310847,55.227953047385455,55.063646781746534,105.35779231058649,87.82860992658173,145.3083591332584,True,77.3,coarse grid,
EI0.005_k3_p60,0.004999999999999999,3.0,60.0,45.8332037374807,45.8332037374807,45.30716387258743,46.21635340361157,83.82903000341214,83.4569480497586,155.15054564196674,True,42.5,coarse grid,
EI0.0025_k9_p180,0.002500000000000002,9.0,180.0,116.99896369599449,115.99896369599449,83.47629889690106,135.011663089155,211.03084719952574,193.76383739602625,339.3396510120796,False,136.8,coarse grid,
EI0.0025_k9_p240,0.002500000000000002,9.0,240.0,107.32793533960309,106.32793533960309,75.91513385723493,124.02776949728542,206.87832193855618,193.1027056377256,344.0741420217451,False,136.4,coarse grid,
EI0.005_k0_p0,0.004999999999999999,0.0,0.0,105.02057426162392,105.02057426162392,74.0225214523095,122.93116091108257,202.58753565690125,177.8209948984321,319.74717428931257,True,127.7,coarse grid,
EI0.005_k3_p0,0.004999999999999999,3.0,0.0,24.386814416418925,24.386814416418925,21.294437770626413,26.431700578629997,44.21742015208589,38.3365837758215,55.90111134852329,True,126.2,coarse grid,
EI0.005_k3_p120,0.004999999999999999,3.0,120.0,97.65217827484119,96.65217827484119,70.99971169134353,111.82739154606712,184.0445975132056,166.18184084479134,300.6527844757138,False,136.2,coarse grid,
EI0.005_k3_p180,0.004999999999999999,3.0,180.0,119.5615914157238,118.5615914157238,84.3098566048559,138.45048792940992,216.33216069021503,204.18762067601563,359.4450789160981,False,136.6,coarse grid,
EI0.005_k3_p300,0.004999999999999999,3.0,300.0,118.475920833738,117.475920833738,82.80304906610733,137.51001269787255,216.8929153699716,214.66982141682675,373.3615514283708,False,135.4,coarse grid,
EI0.005_k6_p60,0.004999999999999999,6.0,60.0,47.019012324576615,47.019012324576615,41.39913145197914,50.75748946245012,80.8810912528745,90.86881226419105,143.6491666352437,True,84.1,coarse grid,
EI0.005_k3_p240,0.004999999999999999,3.0,240.0,121.56048713522597,120.56048713522597,84.96349605296643,141.12668831491726,219.83043662531932,211.00862187275993,370.51546162069945,False,136.2,coarse grid,
EI0.005_k6_p0,0.004999999999999999,6.0,0.0,35.66145244404657,34.66145244404657,26.46897520439339,39.621054663362884,52.36031967291523,57.263965032044624,96.87116915780464,False,134.2,coarse grid,
EI0.005_k6_p120,0.004999999999999999,6.0,120.0,73.84261386435966,72.84261386435966,56.695185365241684,82.73312494484202,127.9059862046776,117.57273580156615,214.63264809669565,False,136.4,coarse grid,
EI0.005_k6_p180,0.004999999999999999,6.0,180.0,122.00266841773096,121.00266841773096,81.53946317264987,143.25336171494027,218.09485333063236,198.52522309127323,352.1519323587477,False,136.8,coarse grid,
EI0.005_k6_p240,0.004999999999999999,6.0,240.0,125.2493389762177,124.2493389762177,87.43756907082857,145.50038948476785,222.6013224738989,215.37412353934434,376.4129614851221,False,136.2,coarse grid,
EI0.005_k6_p300,0.004999999999999999,6.0,300.0,112.0191285106916,111.0191285106916,78.86201351606103,129.6805261896007,210.51639343119825,204.4109245202539,358.0510245928644,False,136.2,coarse grid,
EI0.005_k9_p120,0.004999999999999999,9.0,120.0,65.93736463932059,65.93736463932059,46.76032774019575,77.05575950701642,114.24558424313912,120.67095027915762,227.14350511075594,True,125.2,coarse grid,
EI0.005_k9_p60,0.004999999999999999,9.0,60.0,57.69367354427594,56.69367354427594,42.82807262359323,65.03301213981007,89.90383584696444,111.78062890515085,192.48296316037943,False,133.6,coarse grid,
EI0.005_k9_p0,0.004999999999999999,9.0,0.0,48.78290250202058,48.78290250202058,34.27007799040978,57.15289640238048,79.6869669095424,102.55839658526243,175.68722199693408,True,139.5,coarse grid,
EI0.005_k9_p300,0.004999999999999999,9.0,300.0,91.33832923778702,91.33832923778702,71.98130466961098,103.28748643906972,178.5131139205162,157.04780638250466,281.2649397952045,True,84.8,coarse grid,
EI0.005_k9_p180,0.004999999999999999,9.0,180.0,122.84952131010274,121.84952131010274,79.24207922114135,145.43108834329155,221.04290063810535,209.89596091943062,374.7850992355486,False,136.5,coarse grid,
EI0.01_k3_p60,0.010000000000000005,3.0,60.0,57.06755075248726,57.06755075248726,51.1784832632515,61.03808215245357,99.36857040661054,102.02450518265131,191.10600683651992,True,67.7,coarse grid,
EI0.005_k9_p240,0.004999999999999999,9.0,240.0,127.76986370709909,126.76986370709909,86.38440670126069,149.67686819184485,224.94108434012412,213.3879069432189,374.77486862381795,False,136.8,coarse grid,
EI0.01_k3_p0,0.010000000000000005,3.0,0.0,49.22181652108286,49.22181652108286,38.50800777047091,55.805224085994936,87.03642204720398,84.02201762382684,159.91030452413003,True,90.6,coarse grid,
EI0.01_k0_p0,0.010000000000000005,0.0,0.0,117.78280199274018,117.78280199274018,83.21010444936499,137.78460953525388,216.31112751768723,202.1066488157251,356.5816122600828,True,135.4,coarse grid,
EI0.01_k3_p120,0.010000000000000005,3.0,120.0,108.30950499624956,107.30950499624956,72.97642392289096,126.76247443817103,198.74636665125365,176.04355702493683,318.63904308323555,False,136.1,coarse grid,
EI0.01_k3_p180,0.010000000000000005,3.0,180.0,124.6787401522427,123.6787401522427,82.47427906996211,146.78284125241686,221.51581690647916,206.1197764654552,366.58292054322436,False,136.1,coarse grid,
EI0.01_k3_p240,0.010000000000000005,3.0,240.0,125.52554000730521,124.52554000730521,84.88850573169506,147.01279908654587,223.25062052414978,208.89755762232986,369.27425354876834,False,136.3,coarse grid,
EI0.01_k6_p0,0.010000000000000005,6.0,0.0,67.08467116127669,67.08467116127669,31.806060009697834,84.06410319590877,123.53998823412117,93.9662793742832,178.58989221117753,True,102.7,coarse grid,
EI0.01_k6_p60,0.010000000000000005,6.0,60.0,63.860681487761894,63.860681487761894,42.33057560176641,75.89511927446121,114.763033059566,104.26438220713842,198.26489602045038,True,125.1,coarse grid,
EI0.01_k3_p300,0.010000000000000005,3.0,300.0,119.6861431798438,118.6861431798438,83.00139338961584,139.21519291029173,217.34724823172039,197.95142086269408,349.567734234726,False,136.1,coarse grid,
EI0.01_k6_p120,0.010000000000000005,6.0,120.0,98.04828042529597,97.04828042529597,61.35405589310195,116.52325442960448,175.671357469785,157.3028936642957,285.02845193243434,False,132.2,coarse grid,
EI0.01_k6_p180,0.010000000000000005,6.0,180.0,127.27066373059408,126.27066373059408,83.59200391040208,150.1102460311475,224.11715600815896,217.42122785950832,385.0646131573245,False,136.6,coarse grid,
EI0.01_k6_p240,0.010000000000000005,6.0,240.0,128.72904181165075,127.72904181165073,85.5762139957093,151.42353135291776,225.9622921058173,214.603166251413,379.548868586115,False,136.5,coarse grid,
EI0.01_k6_p300,0.010000000000000005,6.0,300.0,113.96230763367238,112.96230763367238,80.9639517482635,131.62567046655934,210.47739408194545,189.34582825686016,334.24436944397434,False,136.2,coarse grid,
EI0.01_k9_p0,0.010000000000000005,9.0,0.0,63.576918389195896,62.576918389195896,34.910802758792606,76.81112620147216,94.20005347407746,113.96081648111166,203.51299946195084,False,140.0,coarse grid,
EI0.01_k9_p60,0.010000000000000005,9.0,60.0,74.5631433842179,73.5631433842179,44.178489566887635,89.20019158549054,127.44760713247865,129.46303321799732,241.8760923489546,False,130.0,coarse grid,
EI0.01_k9_p120,0.010000000000000005,9.0,120.0,102.08044271838581,101.08044271838581,45.803870482965905,127.24011104197623,190.13022299171658,185.63106867305325,318.31221041141356,False,134.2,coarse grid,
EI0.01_k9_p180,0.010000000000000005,9.0,180.0,117.74329768024688,116.74329768024688,75.0587159630245,139.6800422909492,214.71816275082264,240.411028593223,423.01563885156776,False,135.8,coarse grid,
EI0.01_k9_p300,0.010000000000000005,9.0,300.0,103.75943216505637,103.75943216505637,78.0775530528714,119.16945867507097,198.7615886175508,178.7458962067971,315.8408732463232,True,101.3,coarse grid,
EI0.01_k9_p240,0.010000000000000005,9.0,240.0,129.03613463103778,128.03613463103778,85.10351490587999,152.0682729876704,224.85081809001846,219.39255381394403,388.8238117271112,False,136.0,coarse grid,
EI0.02_k0_p0,0.020000000000000014,0.0,0.0,121.72201950270505,120.72201950270505,83.94032170410458,141.81508674245805,218.7734056862931,202.77714603538024,358.1915945230988,False,136.9,coarse grid,
EI0.02_k3_p0,0.020000000000000014,3.0,0.0,57.15130446728349,56.15130446728349,49.962433194237676,60.29988803443016,103.58158513513166,100.16484709632272,173.69440870102872,False,135.9,coarse grid,
EI0.02_k6_p0,0.020000000000000014,6.0,0.0,65.83397751638559,65.83397751638559,33.43272841367231,81.85459303441266,123.46564900185447,96.09012942562396,188.08514455426828,True,76.9,coarse grid,
EI0.02_k3_p120,0.020000000000000014,3.0,120.0,115.01786310705715,114.01786310705715,74.57444577913861,135.9126143183337,207.49388624481773,188.32910568507066,339.5356206718229,False,132.4,coarse grid,
EI0.02_k3_p60,0.020000000000000014,3.0,60.0,114.02371147902086,113.02371147902086,81.79584533299362,131.3384853452015,174.5858188363409,195.26140467596602,312.14610846044513,False,134.5,coarse grid,
EI0.02_k3_p300,0.020000000000000014,3.0,300.0,122.08515342793038,122.08515342793038,84.32126938760034,143.66218331790245,220.7419497263023,200.64003316346185,354.20596108055554,True,101.8,coarse grid,
EI0.02_k3_p180,0.020000000000000014,3.0,180.0,127.30213208165809,126.30213208165809,83.61982288534875,150.14479325599854,224.6699096506255,212.58357301027493,377.4296546934276,False,136.8,coarse grid,
EI0.02_k3_p240,0.020000000000000014,3.0,240.0,127.11619639955029,126.11619639955029,84.03988752637956,149.70033559914486,225.18969492694686,209.86373503129803,372.53645531813396,False,136.0,coarse grid,
EI0.02_k6_p120,0.020000000000000014,6.0,120.0,125.82756457160734,124.82756457160734,78.5890960168506,150.00346002112752,217.9370340604349,233.71600829470384,377.6204676629698,False,127.6,coarse grid,
EI0.02_k6_p60,0.020000000000000014,6.0,60.0,74.39518655448022,73.39518655448022,55.17408367343454,84.32200025336702,132.1110447374173,138.04429025379883,250.55300785662104,False,135.7,coarse grid,
EI0.02_k6_p180,0.020000000000000014,6.0,180.0,126.4073799264242,125.4073799264242,83.31613575677832,148.96260540493537,223.08866683255684,228.44987111845853,402.1272174449275,False,135.8,coarse grid,
EI0.02_k6_p240,0.020000000000000014,6.0,240.0,128.91184798963602,127.91184798963602,84.8427188742331,151.99392020253353,225.1112644524994,218.30860247011373,387.31621512402495,False,136.2,coarse grid,
EI0.02_k6_p300,0.020000000000000014,6.0,300.0,117.99830451931268,117.99830451931268,84.42476691156332,137.56089306310295,216.54654992382544,196.37144113607806,344.66965911434676,True,135.7,coarse grid,
EI0.02_k9_p0,0.020000000000000014,9.0,0.0,71.57413183468084,70.57413183468084,36.272201137924874,87.61749916357579,115.41336777739237,120.98022588032042,219.61947124287502,False,140.2,coarse grid,
EI0.02_k9_p120,0.020000000000000014,9.0,120.0,106.7698686979529,105.7698686979529,51.37863622982158,132.19335025480044,195.9868792794208,199.78149613749383,335.54566111931774,False,128.1,coarse grid,
EI0.02_k9_p60,0.020000000000000014,9.0,60.0,74.91624428104357,73.91624428104357,45.890726185071806,89.07080526343537,135.47159402596728,139.3871964329822,261.4695653493921,False,135.5,coarse grid,
EI0.04_k0_p0,0.04000000000000001,0.0,0.0,121.21471224228858,121.21471224228858,83.16696982888215,142.87573188830916,219.01984352842084,200.66620029729447,355.8586491867242,True,84.9,coarse grid,
EI0.02_k9_p300,0.020000000000000014,9.0,300.0,108.66051265113813,108.66051265113813,80.98786138206054,125.17091773295012,204.4199255766402,183.1361472928678,321.74698838683787,True,101.9,coarse grid,
EI0.04_k3_p60,0.04000000000000001,3.0,60.0,115.93527339697208,115.93527339697208,83.62164519146445,134.85045098618713,182.3563690698585,198.22708242641855,313.1424498994028,True,84.0,coarse grid,
EI0.02_k9_p180,0.020000000000000014,9.0,180.0,117.21788936771969,116.21788936771969,73.27830825691453,139.61502075055645,214.12483220030055,246.45885976263668,426.61112033560494,False,133.5,coarse grid,
EI0.02_k9_p240,0.020000000000000014,9.0,240.0,127.44478503595866,126.44478503595866,84.1458164259114,150.13701229418592,223.79535223679017,229.43202696741847,408.3774894800153,False,137.0,coarse grid,
EI0.04_k3_p0,0.04000000000000001,3.0,0.0,89.83326648212032,88.83326648212032,71.30035403927404,99.78334825288059,149.32080809722632,151.65746208905327,250.67564705012734,False,136.4,coarse grid,
EI0.04_k3_p120,0.04000000000000001,3.0,120.0,122.28454507165408,121.28454507165408,77.95675802881156,145.12209207944275,216.65944047886325,212.05014160337495,374.63730131688703,False,127.6,coarse grid,
EI0.04_k6_p0,0.04000000000000001,6.0,0.0,65.73032796956196,65.73032796956196,36.634950667191426,80.6935613376779,119.89145382900601,103.20588397490175,202.1842518323324,True,51.2,coarse grid,
EI0.04_k3_p180,0.04000000000000001,3.0,180.0,127.43586084404917,126.43586084404917,83.49861398677912,150.38956602808616,224.81984001882986,214.89236347040784,381.33836907528723,False,135.9,coarse grid,
EI0.04_k3_p300,0.04000000000000001,3.0,300.0,122.04792494159865,122.04792494159865,82.45005575946466,144.40433913075665,221.16573546839155,196.48241456776384,348.819815569586,True,84.6,coarse grid,
EI0.04_k3_p240,0.04000000000000001,3.0,240.0,126.64436520681986,126.64436520681986,84.05875546694546,150.46449618693921,225.52407742968873,210.71489222223423,374.3083733901768,True,101.4,coarse grid,
EI0.04_k6_p60,0.04000000000000001,6.0,60.0,93.59827796545515,93.59827796545515,67.30628973895492,108.96205911928382,157.31620070653068,169.30629596161697,294.6717025861153,True,115.9,coarse grid,
EI0.04_k6_p300,0.04000000000000001,6.0,300.0,119.09600786054757,119.09600786054757,83.75141439812779,139.49199951763796,216.6867229466623,193.78409197465766,341.4689177670495,True,76.5,coarse grid,
EI0.04_k9_p0,0.04000000000000001,9.0,0.0,73.01305808652855,73.01305808652855,36.96620629590738,90.81437922353817,120.96579655473397,129.84502244802678,232.2787230225791,True,70.8,coarse grid,
EI0.04_k6_p120,0.04000000000000001,6.0,120.0,126.43470230671231,125.43470230671231,79.51256571070235,150.5235944838436,215.45311453701984,233.52827832806997,376.4025651320671,False,127.8,coarse grid,
EI0.04_k6_p240,0.04000000000000001,6.0,240.0,127.97410480093747,127.97410480093747,85.24737579469823,151.91829819215783,225.55406990720584,220.13449696569919,390.5162634436625,True,109.1,coarse grid,
EI0.04_k6_p180,0.04000000000000001,6.0,180.0,125.73764712320792,124.73764712320792,82.41160843448911,148.3555254087759,222.62960671188287,231.56556976349998,406.0334495691211,False,127.5,coarse grid,
EI0.04_k9_p300,0.04000000000000001,9.0,300.0,110.1801498683099,110.1801498683099,81.41162508556766,127.25695367197592,206.89139491125144,181.4650848844444,318.5010978850779,True,40.8,coarse grid,
EI0.04_k9_p60,0.04000000000000001,9.0,60.0,78.44678983163418,77.44678983163418,50.647140421171365,92.32191880794595,143.63734192009997,149.81366312747292,280.64016129912693,False,110.7,coarse grid,
EI0.04_k9_p120,0.04000000000000001,9.0,120.0,109.59724386503346,108.59724386503346,54.87347009392165,135.1069101386609,199.53266925953645,206.29720529243107,343.95796511492506,False,104.3,coarse grid,
EI0.04_k9_p180,0.04000000000000001,9.0,180.0,118.90030800018437,117.90030800018437,73.2543191376231,142.05132548140196,215.15288924992322,253.01984052606434,428.59411152044544,False,77.1,coarse grid,
EI0.04_k9_p240,0.04000000000000001,9.0,240.0,127.32636534338602,126.32636534338602,84.2750020603688,149.91052026473767,224.1660327880616,235.27971699052026,418.24447477163403,False,75.9,coarse grid,
EI0.000625_k10.5_p210,0.0006250287580151303,10.5,210.0,11.897804680697956,11.897804680697956,16.14384569017358,7.346358042465946,27.21353348500671,14.687485544030034,30.522101713348626,True,61.7,refine 1,
EI0.000625_k9_p210,0.0006250287580151303,9.0,210.0,13.119716006708416,13.119716006708416,18.158093146873416,7.496606873706668,30.065871081652112,16.86668965021557,35.133563596652124,True,62.0,refine 1,
EI0.0008829_k9_p180,0.0008828765871653016,9.0,180.0,33.5968907822267,33.5968907822267,44.819690017426716,21.939812223925653,71.87247325691638,52.325616247529744,95.2899247140011,True,69.8,refine 1,
EI0.000625_k10.5_p180,0.0006250287580151303,10.5,180.0,8.137040349400277,8.137040349400277,11.052442414397614,5.005640887124498,18.09609311510339,11.360347863774187,22.0289636161123,True,84.9,refine 1,
EI0.0004425_k9_p180,0.000442486474355665,9.0,180.0,12.549087158464692,12.549087158464692,18.38481503026124,4.9680898391281385,28.43118750037544,16.01552683361188,35.09409820753339,True,104.6,refine 1,
EI0.000625_k9_p150,0.0006250287580151303,9.0,150.0,22.2590598178313,21.2590598178313,29.477856372532397,12.049550108738028,46.01401743784718,31.1608727370261,65.32267711139832,False,120.4,refine 1,
EI0.000625_k10.5_p150,0.0006250287580151303,10.5,150.0,18.552110604022335,17.552110604022335,24.220820536232427,10.15629760372058,37.78696001814017,25.676583790052995,54.18617795157729,False,120.4,refine 1,
EI0.000625_k7.5_p180,0.0006250287580151303,7.5,180.0,20.997991427812742,19.997991427812742,27.807431062833206,11.193010239393452,44.648877462246475,30.71893616708855,61.47200542523399,False,120.6,refine 1,
EI0.000625_k7.5_p150,0.0006250287580151303,7.5,150.0,27.866356944628116,27.866356944628116,38.655138427896205,15.766452357126752,60.28179972367565,40.50056968170103,83.85555633945789,True,64.6,refine 1,
EI0.000625_k7.5_p210,0.0006250287580151303,7.5,210.0,16.352551283078334,15.352551283078336,21.461977289904304,8.3812677267304,35.496092184087,21.940540046680884,44.13618245838665,False,79.9,refine 1,
EI0.000625_k12_p150,0.0006250287580151303,12.0,150.0,14.014866609950005,14.014866609950005,19.195438750575434,8.357760379874962,30.05255064306907,20.203111848679683,42.68812303205658,True,43.4,refine 2,
EI0.000625_k12_p180,0.0006250287580151303,12.0,180.0,6.127698521088717,6.127698521088717,7.857125965623221,4.444871310123146,13.096581764596362,8.278960093406798,14.862438225271134,True,47.9,refine 2,
EI0.000625_k12_p210,0.0006250287580151303,12.0,210.0,10.825829677820154,10.825829677820154,14.441128838508098,7.071092100408472,24.847836058475817,12.987145621675166,27.176965779865874,True,51.1,refine 2,
EI0.0004425_k10.5_p180,0.000442486474355665,10.5,180.0,10.30627105800292,10.30627105800292,14.977955357959901,4.396180816557828,23.581416217411004,13.13698776980961,28.080063710753944,True,60.1,refine 2,
EI0.0008829_k10.5_p180,0.0008828765871653016,10.5,180.0,11.884501002806797,10.884501002806797,13.322262080108986,8.66386072426582,22.853350291008834,18.390825646240202,32.26914919857664,False,68.5,refine 2,
EI0.0008829_k12_p180,0.0008828765871653016,12.0,180.0,5.455786823906887,5.455786823906887,5.276514752264399,5.583992085839038,10.803190805067343,7.618453808970256,11.062638066935033,True,32.7,refine 3,
EI0.000625_k13.5_p210,0.0006250287580151303,13.5,210.0,9.324558987338367,9.324558987338367,12.537445063586354,5.939402431651843,22.35032841248186,10.915158559563464,23.91141413634919,True,32.7,refine 3,
EI0.000625_k13.5_p180,0.0006250287580151303,13.5,180.0,4.996062398848364,4.996062398848364,5.85076974095107,4.259189043105173,9.074647054408423,6.6067432311200225,11.163035832603969,True,39.0,refine 3,
EI0.0004425_k12_p180,0.000442486474355665,12.0,180.0,8.468511972757822,8.468511972757822,12.109109350774569,4.075037658280403,19.601869487814632,10.956548053490769,22.435911303087295,True,42.3,refine 3,
EI0.000625_k13.5_p150,0.0006250287580151303,13.5,150.0,12.441326033345431,12.441326033345431,16.93406976670341,7.596098216816732,26.993482046650847,17.066783877832123,35.805987222809534,True,45.0,refine 3,
EI0.000625_k15_p150,0.0006250287580151303,15.0,150.0,13.687513224080327,13.687513224080327,18.491369517795476,8.580908354223352,29.678022879359556,17.385335995639753,35.677928092869955,True,43.1,refine 4,
EI0.000625_k15_p210,0.0006250287580151303,15.0,210.0,7.377047479091971,7.377047479091971,10.015748295953514,4.545266028454838,18.55940069290664,8.499603265236475,19.524640867375776,True,43.4,refine 4,
EI0.000625_k15_p180,0.0006250287580151303,15.0,180.0,5.340511116697283,5.340511116697283,6.394331545978422,4.407258183102248,11.110315486264247,6.508570095657784,12.840715322753626,True,49.7,refine 4,
EI0.0004425_k13.5_p180,0.000442486474355665,13.5,180.0,6.893317640694018,6.893317640694018,9.500970580418015,4.00862827506129,15.746030054391264,9.161782657606699,17.715981175198838,True,58.7,refine 4,
EI0.0008829_k13.5_p180,0.0008828765871653016,13.5,180.0,6.981808387242782,5.981808387242782,6.474440091303746,5.591774337588339,12.122226946370839,7.901316073600948,12.764110975700582,False,67.3,refine 4,
EI0.0007428_k13.5_p180,0.0007428480711131758,13.5,180.0,4.841499001356104,4.841499001356104,5.253347612243029,4.514608073461879,8.732766170504835,6.22036486436771,10.474651354579784,True,43.7,refine 5,
EI0.000625_k13.5_p195,0.0006250287580151303,13.5,195.0,5.974759643127237,5.974759643127237,7.707964932239149,4.272266047050906,13.708889806559101,7.39363842339558,14.849827137041032,True,52.2,refine 5,
EI0.000625_k12.8_p180,0.0006250287580151303,12.75,180.0,5.424268905521361,5.424268905521361,6.644719319179857,4.311278709834176,10.88935154557731,7.29194584048906,12.771105433751602,True,68.8,refine 5,
EI0.000625_k14.2_p180,0.0006250287580151303,14.25,180.0,4.945009103591964,4.945009103591964,5.724359401346514,4.282079437187658,9.840206653477477,6.314416069578,11.150842479382435,True,69.1,refine 5,
EI0.000625_k14.2_p165,0.0006250287580151303,14.25,165.0,7.502714243329454,7.502714243329454,9.733815753029289,5.2915895644142035,16.638532517442606,9.69420104904898,18.95707324457022,True,81.5,refine 5,
EI0.000625_k14.2_p195,0.0006250287580151303,14.25,195.0,5.395612095902167,5.395612095902167,6.77772759379325,4.090922482349645,11.995292501856202,6.658304216290653,12.865697843490645,True,81.6,refine 5,
EI0.000625_k13.5_p165,0.0006250287580151303,13.5,165.0,7.144777080832783,7.144777080832783,9.211827785677482,5.116264819252942,15.09317856464287,9.734482597558952,19.13884557647091,True,81.9,refine 5,
EI0.000625_k12.8_p195,0.0006250287580151303,12.75,195.0,6.904254116663745,6.904254116663745,9.211759578264209,4.50690470438338,16.104454211938688,8.484386911887661,17.556205199302045,True,38.3,refine 5,
EI0.0005259_k13.5_p180,0.0005258961603824607,13.5,180.0,5.692026437065684,5.692026437065684,7.3614093687264175,4.045845952181527,12.055206621660862,7.596761826180251,13.887358064081141,True,84.9,refine 5,
EI0.000625_k12.8_p165,0.0006250287580151303,12.75,165.0,7.347283429565244,7.347283429565244,9.568167900279517,5.132921774441773,15.117392138654346,10.467524856870737,20.8009628863666,True,44.4,refine 5,
EI0.0007428_k14.2_p180,0.0007428480711131758,14.25,180.0,5.199202505288459,5.199202505288459,6.064940036629776,4.456228833032053,11.109195033241322,6.278977555200208,12.390009564160955,True,52.1,refine 6,
EI0.0007428_k13.5_p165,0.0007428480711131758,13.5,165.0,7.425183807913866,7.425183807913866,9.506712826076773,5.404309541848218,16.661885217151816,9.669128821777418,18.769704126597194,True,52.2,refine 6,
EI0.0007428_k12.8_p165,0.0007428480711131758,12.75,165.0,7.154225193102493,7.154225193102493,9.027422940270204,5.374465275551971,15.25361159021161,9.940637226878808,18.945181471814937,True,58.6,refine 6,
EI0.0007428_k13.5_p195,0.0007428480711131758,13.5,195.0,5.286262812216131,5.286262812216131,6.1151326999656375,4.581773591802155,10.802340642519166,6.629728418113599,11.61544407244079,True,63.6,refine 6,
EI0.0007428_k14.2_p195,0.0007428480711131758,14.25,195.0,4.79829273284021,4.79829273284021,5.469848082344196,4.236858452901016,8.955082702458796,5.9979044108874735,9.440263820466054,True,63.9,refine 6,
EI0.0007428_k12.8_p180,0.0007428480711131758,12.75,180.0,4.985777499197826,4.985777499197826,5.4055109407326745,4.65289856767497,8.622920475895572,6.69155934000796,10.556594005644053,True,70.2,refine 6,
EI0.0007428_k12.8_p195,0.0007428480711131758,12.75,195.0,6.09350322682753,6.09350322682753,7.283874451253813,5.041482048670468,12.948858267252058,7.636048148207857,14.07921084436199,True,70.2,refine 6,
EI0.0007428_k14.2_p165,0.0007428480711131758,14.25,165.0,8.154443689671911,8.154443689671911,10.670481039614623,5.626038739972011,19.188553116716133,10.012833578104457,20.41612404448993,True,76.0,refine 6,
EI0.0008098_k13.5_p180,0.000809841447325789,13.5,180.0,4.973325794666497,4.973325794666497,5.345625813856064,4.68058303492161,9.132453540113504,6.264804722913747,10.910171859324674,True,43.6,refine 7,
EI0.0007428_k13.5_p172,0.0007428480711131758,13.5,172.5,5.676722722965695,5.676722722965695,6.727989795445018,4.757315146270726,11.861156291084393,7.2778173892983755,13.78162040545305,True,60.6,refine 7,
EI0.0007428_k13.9_p180,0.0007428480711131758,13.875,180.0,4.970011273887969,4.970011273887969,5.562410770571391,4.484540946140595,9.423236486746,6.1858520438870235,11.29477582778871,True,60.6,refine 7,
EI0.0007428_k13.9_p172,0.0007428480711131758,13.875,172.5,5.8740453218837265,5.8740453218837265,7.109512519002338,4.764903909818235,12.984342478130243,7.287230943976009,14.438662715085488,True,68.0,refine 7,
EI0.0007428_k13.5_p188,0.0007428480711131758,13.5,187.5,4.720923499730047,4.720923499730047,5.068146446931816,4.448225765575085,7.977802263061161,6.038220522891623,8.765585319874523,True,68.2,refine 7,
EI0.0007428_k13.1_p180,0.0007428480711131758,13.125,180.0,4.854241662887663,4.854241662887663,5.211927686541298,4.5732917883184525,8.386507537828757,6.371606283748175,10.284149162667758,True,68.3,refine 7,
EI0.0007428_k13.9_p188,0.0007428480711131758,13.875,187.5,4.6508337237080335,4.6508337237080335,5.0042274405856135,4.372670739458748,7.644373384505931,5.8713890041635866,9.00349365524296,True,72.5,refine 7,
EI0.0006814_k13.5_p180,0.0006813966592828317,13.5,180.0,4.852919741681727,4.852919741681727,5.419453915091029,4.3897275144939165,8.846179139822528,6.328382511766731,10.460112857899757,True,78.8,refine 7,
EI0.0007428_k13.1_p172,0.0007428480711131758,13.125,172.5,5.545689471199018,5.545689471199018,6.455892022450985,4.766415980227174,10.765686244192224,7.3915585359491125,13.340399019519607,True,21.4,refine 7,
EI0.0007428_k13.1_p188,0.0007428480711131758,13.125,187.5,4.905482095859329,4.905482095859329,5.3399832716536615,4.5594917765455705,8.706446758563093,6.350980542008346,9.685374437779895,True,41.3,refine 7,
EI0.0008098_k13.9_p188,0.000809841447325789,13.875,187.5,4.780318566705094,4.780318566705094,5.125306182071586,4.509718017586052,8.078689722510834,5.993937079044924,9.889815771792726,True,13.7,refine 8,
EI0.0007428_k14.2_p188,0.0007428480711131758,14.25,187.5,4.686101896996589,4.686101896996589,5.178162484816125,4.288231328088317,8.120176845230239,5.807015773856713,9.85862880932232,True,26.4,refine 8,
EI0.0007428_k13.9_p195,0.0007428480711131758,13.875,195.0,5.000621254891841,5.000621254891841,5.715009717522536,4.401688083438764,9.896022978617395,6.272630333388372,10.517715959275575,True,29.2,refine 8,
EI0.0006814_k13.9_p188,0.0006813966592828317,13.875,187.5,4.757098388930125,4.757098388930125,5.345991121015344,4.272381229429787,8.27847162018132,6.046082130812047,9.126837404051853,True,29.3,refine 8,
EI0.0007115_k13.9_p188,0.000711459200524678,13.875,187.5,4.6511247509898785,4.6511247509898785,5.085319159831868,4.3038435609752295,7.667302250671194,5.857331067764386,9.054402962095288,True,26.8,refine 9,
EI0.0007428_k14.1_p188,0.0007428480711131758,14.0625,187.5,4.638729329762204,4.638729329762204,5.0445152891370295,4.315932353374386,7.8932068837497935,5.816863027883232,9.272587125500628,True,43.5,refine 9,
EI0.0007428_k13.9_p184,0.0007428480711131758,13.875,183.75,4.716081511606163,4.716081511606163,5.109354780845088,4.40441620949508,8.375325863414353,5.93603789307738,9.93703421549912,True,43.7,refine 9,
EI0.0007428_k14.1_p184,0.0007428480711131758,14.0625,183.75,4.79609194044879,4.79609194044879,5.298777984460732,4.389703342496863,8.634313450434565,5.947512037053229,10.54661372194886,True,58.8,refine 9,
EI0.0007428_k14.1_p191,0.0007428480711131758,14.0625,191.25,4.677163755052763,4.677163755052763,5.153877891600932,4.292813710278332,7.796634696079603,5.886128846786116,8.741112629408223,True,64.8,refine 9,
EI0.0007428_k13.9_p191,0.0007428480711131758,13.875,191.25,4.730644648760864,4.730644648760864,5.204528315735728,4.349201880019596,8.243423337767826,5.980350900898503,8.762149850350644,True,64.9,refine 9,
EI0.0007428_k13.7_p188,0.0007428480711131758,13.6875,187.5,4.669391537618988,4.669391537618988,5.007510084603438,4.404120005824003,7.686388966570752,5.93093200961659,8.83109653440612,True,65.0,refine 9,
EI0.0007756_k13.9_p188,0.0007756217873767241,13.875,187.5,4.682431846222466,4.682431846222466,4.987431163399533,4.4447234791802686,7.6012948007779535,5.897985255644201,9.311817115901718,True,65.2,refine 9,
EI0.0007428_k13.7_p191,0.0007428480711131758,13.6875,191.25,4.8101037966172715,4.8101037966172715,5.3087581670760295,4.407406813057356,8.701613758167609,6.097963121678144,9.319585613105334,True,47.2,refine 9,
EI0.0007428_k13.7_p184,0.0007428480711131758,13.6875,183.75,4.702396248638861,4.702396248638861,5.033016290537075,4.443504767181844,8.102962255552963,5.9707926423753355,9.648729968239339,True,39.5,refine 9,
