t,n000_x,n001_x,n002_x,n003_x,n004_x,n005_x,n006_x,n007_x,n008_x,n009_x,n010_x,n011_x,n012_x,n013_x,n014_x,n015_x,n016_x,n017_x,n018_x,n019_x,n020_x,n021_x,n022_x,n023_x,n024_x,n025_x,n026_x,n027_x,n028_x,n029_x,n030_x,n031_x,n032_x,n033_x,n034_x,n035_x,n036_x,n037_x,n038_x,n039_x,n040_x,n041_x,n042_x,n043_x,n044_x,n045_x,n046_x,n047_x,n048_x,n049_x,n050_x,n051_x,n052_x,n053_x,n054_x,n055_x,n056_x,n057_x,n058_x,n059_x,n060_x,n000_z,n001_z,n002_z,n003_z,n004_z,n005_z,n006_z,n007_z,n008_z,n009_z,n010_z,n011_z,n012_z,n013_z,n014_z,n015_z,n016_z,n017_z,n018_z,n019_z,n020_z,n021_z,n022_z,n023_z,n024_z,n025_z,n026_z,n027_z,n028_z,n029_z,n030_z,n031_z,n032_z,n033_z,n034_z,n035_z,n036_z,n037_z,n038_z,n039_z,n040_z,n041_z,n042_z,n043_z,n044_z,n045_z,n046_z,n047_z,n048_z,n049_z,n050_z,n051_z,n052_z,n053_z,n054_z,n055_z,n056_z,n057_z,n058_z,n059_z,n060_z
0.0000,-0.001134,0.001095,0.003399,0.005784,0.008254,0.010816,0.013477,0.016245,0.019129,0.022138,0.025284,0.028579,0.032038,0.035677,0.039515,0.043575,0.047882,0.052467,0.057365,0.062620,0.068283,0.074416,0.081093,0.088408,0.096470,0.105413,0.115392,0.126569,0.139064,0.152854,0.167618,0.182707,0.197361,0.211016,0.223417,0.234549,0.244516,0.253462,0.261532,0.268856,0.275542,0.281682,0.287351,0.292611,0.297513,0.302101,0.306411,0.310473,0.314313,0.317953,0.321413,0.324709,0.327856,0.330866,0.333750,0.336519,0.339180,0.341743,0.344213,0.346598,0.348866,1.007354,0.992640,0.977938,0.963249,0.948574,0.933915,0.919274,0.904652,0.890052,0.875478,0.860932,0.846420,0.831945,0.817515,0.803136,0.788817,0.774571,0.760410,0.746354,0.732426,0.718657,0.705086,0.691771,0.678786,0.666237,0.654279,0.643131,0.633123,0.624729,0.618581,0.615348,0.615454,0.618839,0.625025,0.633380,0.643326,0.654418,0.666335,0.678854,0.691819,0.705121,0.718682,0.732445,0.746368,0.760421,0.774579,0.788824,0.803141,0.817519,0.831949,0.846423,0.860935,0.875480,0.890054,0.904653,0.919275,0.933916,0.948575,0.963250,0.977939,0.992646
0.1000,-0.001134,0.001095,0.003410,0.005801,0.008274,0.010838,0.013501,0.016271,0.019157,0.022169,0.025318,0.028616,0.032077,0.035717,0.039556,0.043615,0.047921,0.052504,0.057400,0.062652,0.068312,0.074442,0.081116,0.088425,0.096481,0.105414,0.115381,0.126545,0.139030,0.152814,0.167579,0.182673,0.197332,0.210987,0.223382,0.234501,0.244450,0.253375,0.261424,0.268725,0.275386,0.281500,0.287140,0.292370,0.297242,0.301801,0.306085,0.310128,0.313955,0.317592,0.321057,0.324368,0.327538,0.330579,0.333501,0.336314,0.339023,0.341635,0.344158,0.346598,0.348866,1.007354,0.992623,0.977905,0.963200,0.948508,0.933832,0.919174,0.904537,0.889922,0.875333,0.860772,0.846246,0.831758,0.817314,0.802922,0.788590,0.774331,0.760159,0.746091,0.732151,0.718371,0.704790,0.691464,0.678469,0.665909,0.653936,0.642771,0.632742,0.624323,0.618151,0.614898,0.614993,0.618381,0.624580,0.632955,0.642925,0.654040,0.665982,0.678523,0.691512,0.704836,0.718419,0.732205,0.746152,0.760227,0.774407,0.788673,0.803009,0.817405,0.831850,0.846338,0.860862,0.875418,0.890002,0.904610,0.919240,0.933890,0.948558,0.963241,0.977939,0.992646
0.2000,-0.001134,0.001093,0.003411,0.005808,0.008287,0.010859,0.013530,0.016309,0.019204,0.022224,0.025381,0.028686,0.032154,0.035801,0.039645,0.043709,0.048017,0.052600,0.057493,0.062739,0.068386,0.074498,0.081147,0.088426,0.096445,0.105341,0.115271,0.126401,0.138862,0.152634,0.167397,0.182494,0.197153,0.210795,0.223160,0.234231,0.244119,0.252974,0.260950,0.268181,0.274785,0.280854,0.286468,0.291689,0.296569,0.301151,0.305469,0.309554,0.313431,0.317119,0.320638,0.324003,0.327226,0.330320,0.333294,0.336155,0.338910,0.341566,0.344127,0.346598,0.348866,1.007354,0.992622,0.977905,0.963201,0.948510,0.933836,0.919179,0.904544,0.889930,0.875343,0.860784,0.846260,0.831773,0.817331,0.802940,0.788610,0.774352,0.760180,0.746111,0.732169,0.718384,0.704795,0.691457,0.678445,0.665862,0.653861,0.642662,0.632596,0.624140,0.617934,0.614659,0.614750,0.618153,0.624385,0.632805,0.642828,0.653999,0.665992,0.678580,0.691606,0.704958,0.718561,0.732357,0.746307,0.760379,0.774552,0.788807,0.803132,0.817514,0.831946,0.846421,0.860933,0.875477,0.890050,0.904648,0.919269,0.933910,0.948570,0.963246,0.977939,0.992646
0.3000,-0.001134,0.001094,0.003410,0.005805,0.008282,0.010850,0.013518,0.016292,0.019182,0.022196,0.025345,0.028640,0.032096,0.035727,0.039552,0.043591,0.047871,0.052419,0.057272,0.062473,0.068074,0.074138,0.080743,0.087982,0.095971,0.104848,0.114773,0.125914,0.138394,0.152188,0.166965,0.182060,0.196702,0.210318,0.222659,0.233713,0.243596,0.252458,0.260452,0.267711,0.274347,0.280452,0.286102,0.291358,0.296272,0.300886,0.305235,0.309348,0.313250,0.316963,0.320504,0.323888,0.327130,0.330240,0.333229,0.336106,0.338876,0.341544,0.344118,0.346598,0.348866,1.007354,0.992622,0.977905,0.963200,0.948509,0.933835,0.919177,0.904541,0.889926,0.875338,0.860778,0.846251,0.831761,0.817315,0.802919,0.788583,0.774316,0.760133,0.746050,0.732092,0.718287,0.704678,0.691317,0.678282,0.665679,0.653663,0.642458,0.632399,0.623968,0.617808,0.614595,0.614756,0.618224,0.624508,0.632962,0.643002,0.654175,0.666163,0.678739,0.691749,0.705086,0.718673,0.732455,0.746391,0.760452,0.774614,0.788860,0.803176,0.817552,0.831978,0.846448,0.860955,0.875495,0.890064,0.904659,0.919277,0.933915,0.948573,0.963248,0.977939,0.992646
0.4000,-0.001134,0.001105,0.003405,0.005767,0.008202,0.010722,0.013338,0.016058,0.018892,0.021850,0.024942,0.028182,0.031584,0.035164,0.038943,0.042941,0.047187,0.051710,0.056547,0.061742,0.067347,0.073425,0.080054,0.087328,0.095359,0.104283,0.114256,0.125440,0.137955,0.151770,0.166555,0.181647,0.196284,0.209899,0.222247,0.233319,0.243227,0.252122,0.260151,0.267447,0.274120,0.280261,0.285945,0.291234,0.296177,0.300817,0.305188,0.309320,0.313237,0.316961,0.320511,0.323901,0.327146,0.330258,0.333247,0.336121,0.338887,0.341552,0.344121,0.346598,0.348866,1.007354,0.992624,0.977905,0.963195,0.948497,0.933814,0.919147,0.904500,0.889875,0.875275,0.860703,0.846164,0.831661,0.817203,0.802794,0.788446,0.774169,0.759978,0.745889,0.731929,0.718125,0.704522,0.691173,0.678157,0.665580,0.653598,0.642436,0.632427,0.624049,0.617941,0.614774,0.614966,0.618448,0.624730,0.633171,0.643191,0.654342,0.666306,0.678859,0.691850,0.705168,0.718738,0.732506,0.746430,0.760480,0.774634,0.788874,0.803185,0.817556,0.831979,0.846447,0.860953,0.875492,0.890061,0.904656,0.919274,0.933913,0.948572,0.963247,0.977939,0.992646
0.5000,-0.001134,0.001115,0.003401,0.005735,0.008134,0.010615,0.013190,0.015868,0.018660,0.021577,0.024631,0.027836,0.031206,0.034759,0.038514,0.042496,0.046730,0.051246,0.056083,0.061283,0.066899,0.072993,0.079642,0.086939,0.094995,0.103945,0.113943,0.125148,0.137680,0.151505,0.166293,0.181384,0.196018,0.209632,0.221984,0.233063,0.242983,0.251892,0.259938,0.267251,0.273942,0.280100,0.285800,0.291103,0.296059,0.300710,0.305091,0.309230,0.313155,0.316886,0.320442,0.323838,0.327090,0.330209,0.333206,0.336089,0.338864,0.341538,0.344115,0.346598,0.348866,1.007354,0.992626,0.977904,0.963190,0.948486,0.933796,0.919122,0.904468,0.889835,0.875226,0.860646,0.846099,0.831589,0.817124,0.802710,0.788357,0.774076,0.759882,0.745794,0.731835,0.718036,0.704439,0.691100,0.678097,0.665536,0.653574,0.642434,0.632448,0.624096,0.618014,0.614867,0.615075,0.618564,0.624847,0.633282,0.643294,0.654434,0.666387,0.678930,0.691910,0.705219,0.718782,0.732543,0.746462,0.760508,0.774658,0.788895,0.803204,0.817573,0.831994,0.846460,0.860965,0.875503,0.890070,0.904663,0.919280,0.933917,0.948574,0.963248,0.977939,0.992646
0.6000,-0.001134,0.001108,0.003404,0.005759,0.008185,0.010695,0.013300,0.016008,0.018829,0.021772,0.024849,0.028073,0.031457,0.035020,0.038779,0.042757,0.046982,0.051484,0.056300,0.061475,0.067061,0.073122,0.079735,0.086996,0.095018,0.103938,0.113913,0.125104,0.137630,0.151456,0.166247,0.181339,0.195967,0.209571,0.221905,0.232965,0.242864,0.251753,0.259782,0.267081,0.273762,0.279913,0.285610,0.290913,0.295872,0.300528,0.304917,0.309068,0.313005,0.316750,0.320320,0.323733,0.327000,0.330134,0.333145,0.336042,0.338831,0.341517,0.344105,0.346598,0.348866,1.007354,0.992625,0.977904,0.963194,0.948494,0.933809,0.919141,0.904492,0.889864,0.875261,0.860686,0.846143,0.831637,0.817173,0.802760,0.788407,0.774123,0.759925,0.745830,0.731861,0.718050,0.704439,0.691082,0.678059,0.665476,0.653491,0.642329,0.632326,0.623963,0.617878,0.614740,0.614965,0.618476,0.624784,0.633244,0.643277,0.654435,0.666403,0.678956,0.691944,0.705258,0.718825,0.732587,0.746506,0.760550,0.774699,0.788933,0.803238,0.817604,0.832022,0.846484,0.860986,0.875520,0.890084,0.904674,0.919288,0.933923,0.948578,0.963250,0.977939,0.992646
0.7000,-0.001134,0.001101,0.003407,0.005781,0.008232,0.010770,0.013405,0.016145,0.018999,0.021976,0.025088,0.028346,0.031764,0.035360,0.039151,0.043160,0.047411,0.051935,0.056768,0.061953,0.067541,0.073597,0.080197,0.087436,0.095430,0.104316,0.114254,0.125410,0.137906,0.151714,0.166498,0.181593,0.196226,0.209829,0.222153,0.233193,0.243065,0.251920,0.259912,0.267173,0.273816,0.279934,0.285602,0.290882,0.295822,0.300465,0.304845,0.308991,0.312927,0.316674,0.320248,0.323666,0.326941,0.330083,0.333103,0.336009,0.338807,0.341502,0.344099,0.346598,0.348866,1.007354,0.992624,0.977905,0.963197,0.948501,0.933821,0.919158,0.904515,0.889894,0.875298,0.860730,0.846194,0.831696,0.817241,0.802836,0.788491,0.774216,0.760025,0.745935,0.731971,0.718161,0.704548,0.691184,0.678149,0.665549,0.653539,0.642345,0.632302,0.623894,0.617764,0.614586,0.614784,0.618286,0.624599,0.633074,0.643129,0.654313,0.666305,0.678882,0.691891,0.705224,0.718805,0.732579,0.746507,0.760558,0.774711,0.788947,0.803254,0.817620,0.832038,0.846499,0.860999,0.875531,0.890094,0.904682,0.919294,0.933927,0.948580,0.963251,0.977939,0.992646
0.8000,-0.001134,0.001099,0.003408,0.005788,0.008247,0.010794,0.013439,0.016189,0.019055,0.022045,0.025170,0.028444,0.031880,0.035494,0.039306,0.043337,0.047614,0.052165,0.057027,0.062243,0.067864,0.073952,0.080582,0.087849,0.095864,0.104764,0.114707,0.125859,0.138344,0.152138,0.166913,0.182008,0.196653,0.210276,0.222625,0.233689,0.243579,0.252447,0.260443,0.267702,0.274336,0.280439,0.286085,0.291339,0.296250,0.300862,0.305208,0.309320,0.313222,0.316934,0.320476,0.323862,0.327106,0.330219,0.333211,0.336091,0.338865,0.341537,0.344114,0.346598,0.348866,1.007354,0.992623,0.977905,0.963198,0.948504,0.933825,0.919164,0.904523,0.889904,0.875310,0.860745,0.846213,0.831719,0.817269,0.802869,0.788530,0.774262,0.760080,0.746000,0.732048,0.718251,0.704652,0.691304,0.678285,0.665698,0.653699,0.642511,0.632467,0.624044,0.617886,0.614668,0.614818,0.618271,0.624540,0.632982,0.643012,0.654179,0.666163,0.678737,0.691748,0.705086,0.718674,0.732456,0.746394,0.760455,0.774619,0.788865,0.803182,0.817558,0.831984,0.846453,0.860960,0.875500,0.890068,0.904662,0.919280,0.933917,0.948574,0.963248,0.977939,0.992646
0.9000,-0.001134,0.001098,0.003409,0.005792,0.008255,0.010807,0.013457,0.016215,0.019087,0.022085,0.025220,0.028503,0.031950,0.035577,0.039403,0.043450,0.047743,0.052314,0.057198,0.062438,0.068085,0.074200,0.080859,0.088153,0.096196,0.105121,0.115084,0.126249,0.138740,0.152532,0.167302,0.182396,0.197049,0.210692,0.223072,0.234175,0.244107,0.253017,0.261052,0.268342,0.275000,0.281117,0.286770,0.292021,0.296920,0.301513,0.305833,0.309913,0.313776,0.317445,0.320939,0.324274,0.327466,0.330524,0.333461,0.336285,0.339004,0.341624,0.344154,0.346598,0.348866,1.007354,0.992623,0.977905,0.963198,0.948505,0.933827,0.919167,0.904527,0.889909,0.875318,0.860754,0.846225,0.831733,0.817286,0.802890,0.788556,0.774293,0.760117,0.746044,0.732101,0.718314,0.704728,0.691394,0.678390,0.665821,0.653842,0.642672,0.632644,0.624232,0.618075,0.614844,0.614967,0.618381,0.624606,0.633001,0.642989,0.654119,0.666072,0.678622,0.691616,0.704942,0.718523,0.732304,0.746243,0.760308,0.774478,0.788732,0.803058,0.817444,0.831882,0.846362,0.860881,0.875432,0.890012,0.904618,0.919246,0.933894,0.948560,0.963242,0.977939,0.992646
1.0000,-0.001134,0.001095,0.003410,0.005801,0.008274,0.010838,0.013501,0.016272,0.019158,0.022170,0.025319,0.028617,0.032078,0.035720,0.039562,0.043624,0.047934,0.052521,0.057422,0.062678,0.068342,0.074473,0.081149,0.088458,0.096514,0.105448,0.115417,0.126584,0.139072,0.152858,0.167623,0.182717,0.197376,0.211034,0.223433,0.234556,0.244510,0.253441,0.261493,0.268797,0.275463,0.281582,0.287231,0.292471,0.297355,0.301926,0.306221,0.310270,0.314102,0.317738,0.321199,0.324501,0.327658,0.330684,0.333589,0.336383,0.339073,0.341666,0.344172,0.346598,0.348866,1.007354,0.992623,0.977905,0.963200,0.948508,0.933832,0.919175,0.904537,0.889922,0.875333,0.860773,0.846246,0.831758,0.817315,0.802923,0.788593,0.774335,0.760164,0.746098,0.732160,0.718381,0.704802,0.691476,0.678481,0.665920,0.653949,0.642785,0.632759,0.624345,0.618178,0.614928,0.615025,0.618409,0.624603,0.632971,0.642935,0.654047,0.665985,0.678524,0.691510,0.704832,0.718413,0.732195,0.746138,0.760209,0.774386,0.788648,0.802983,0.817377,0.831823,0.846311,0.860838,0.875396,0.889983,0.904595,0.919229,0.933882,0.948553,0.963239,0.977939,0.992646
1.1000,-0.001134,0.001092,0.003411,0.005812,0.008297,0.010875,0.013553,0.016340,0.019243,0.022273,0.025441,0.028759,0.032240,0.035903,0.039764,0.043846,0.048174,0.052778,0.057693,0.062962,0.068634,0.074771,0.081447,0.088752,0.096798,0.105718,0.115669,0.126815,0.139284,0.153056,0.167815,0.182910,0.197575,0.211237,0.223636,0.234752,0.244690,0.253599,0.261624,0.268899,0.275534,0.281623,0.287244,0.292460,0.297325,0.301883,0.306169,0.310215,0.314046,0.317684,0.321148,0.324455,0.327618,0.330651,0.333562,0.336363,0.339059,0.341658,0.344169,0.346598,0.348866,1.007354,0.992622,0.977905,0.963201,0.948512,0.933839,0.919183,0.904549,0.889937,0.875352,0.860796,0.846274,0.831790,0.817352,0.802966,0.788641,0.774389,0.760223,0.746162,0.732229,0.718453,0.704877,0.691552,0.678554,0.665988,0.654006,0.642826,0.632778,0.624336,0.618136,0.614854,0.614922,0.618288,0.624475,0.632845,0.642819,0.653944,0.665899,0.678455,0.691458,0.704796,0.718390,0.732183,0.746135,0.760212,0.774393,0.788658,0.802993,0.817388,0.831833,0.846321,0.860846,0.875404,0.889989,0.904600,0.919232,0.933884,0.948554,0.963240,0.977939,0.992646
1.2000,-0.001134,0.001089,0.003413,0.005822,0.008319,0.010909,0.013600,0.016401,0.019317,0.022360,0.025539,0.028867,0.032357,0.036025,0.039891,0.043974,0.048300,0.052899,0.057805,0.063061,0.068716,0.074832,0.081485,0.088765,0.096785,0.105681,0.115611,0.126742,0.139202,0.152971,0.167732,0.182828,0.197490,0.211143,0.223527,0.234623,0.244539,0.253423,0.261425,0.268677,0.275293,0.281367,0.286976,0.292185,0.297046,0.301603,0.305892,0.309945,0.313787,0.317440,0.320923,0.324251,0.327438,0.330496,0.333434,0.336262,0.338986,0.341612,0.344148,0.346598,0.348866,1.007354,0.992622,0.977905,0.963203,0.948515,0.933844,0.919192,0.904560,0.889951,0.875368,0.860814,0.846295,0.831813,0.817377,0.802992,0.788667,0.774414,0.760247,0.746183,0.732245,0.718463,0.704877,0.691540,0.678529,0.665946,0.653946,0.642748,0.632682,0.624225,0.618015,0.614732,0.614809,0.618191,0.624398,0.632791,0.642787,0.653932,0.665904,0.678476,0.691491,0.704838,0.718439,0.732237,0.746191,0.760270,0.774451,0.788715,0.803048,0.817440,0.831881,0.846365,0.860885,0.875437,0.890017,0.904622,0.919250,0.933897,0.948562,0.963243,0.977939,0.992646
1.3000,-0.001134,0.001092,0.003411,0.005811,0.008293,0.010868,0.013542,0.016323,0.019220,0.022241,0.025398,0.028703,0.032169,0.035813,0.039653,0.043712,0.048014,0.052589,0.057474,0.062710,0.068349,0.074451,0.081093,0.088367,0.096385,0.105282,0.115218,0.126359,0.138830,0.152610,0.167377,0.182473,0.197127,0.210767,0.223133,0.234213,0.244114,0.252990,0.260989,0.268245,0.274872,0.280963,0.286595,0.291830,0.296720,0.301308,0.305628,0.309712,0.313583,0.317264,0.320772,0.324123,0.327331,0.330409,0.333365,0.336210,0.338950,0.341591,0.344138,0.346598,0.348866,1.007354,0.992622,0.977905,0.963201,0.948511,0.933837,0.919182,0.904546,0.889933,0.875346,0.860788,0.846263,0.831776,0.817333,0.802941,0.788610,0.774349,0.760175,0.746103,0.732158,0.718369,0.704776,0.691434,0.678419,0.665835,0.653835,0.642641,0.632585,0.624143,0.617956,0.614701,0.614810,0.618224,0.624461,0.632878,0.642891,0.654048,0.666027,0.678600,0.691612,0.704953,0.718547,0.732336,0.746280,0.760349,0.774520,0.788774,0.803099,0.817483,0.831917,0.846395,0.860910,0.875457,0.890033,0.904635,0.919259,0.933903,0.948565,0.963245,0.977939,0.992646
1.4000,-0.001134,0.001102,0.003407,0.005777,0.008223,0.010756,0.013387,0.016123,0.018974,0.021950,0.025061,0.028322,0.031746,0.035349,0.039151,0.043174,0.047444,0.051990,0.056850,0.062065,0.067688,0.073782,0.080422,0.087701,0.095733,0.104651,0.114613,0.125782,0.138281,0.152083,0.166861,0.181955,0.196598,0.210224,0.222580,0.233659,0.243569,0.252462,0.260485,0.267771,0.274430,0.280554,0.286219,0.291486,0.296408,0.301025,0.305375,0.309486,0.313383,0.317088,0.320620,0.323994,0.327223,0.330320,0.333296,0.336158,0.338913,0.341568,0.344128,0.346598,0.348866,1.007354,0.992624,0.977905,0.963196,0.948500,0.933819,0.919155,0.904511,0.889889,0.875293,0.860725,0.846190,0.831693,0.817240,0.802838,0.788497,0.774227,0.760043,0.745962,0.732009,0.718213,0.704617,0.691273,0.678261,0.665684,0.653699,0.642528,0.632503,0.624102,0.617965,0.614764,0.614925,0.618381,0.624644,0.633073,0.643087,0.654236,0.666201,0.678759,0.691755,0.705080,0.718658,0.732434,0.746366,0.760424,0.774585,0.788831,0.803148,0.817525,0.831953,0.846425,0.860935,0.875477,0.890050,0.904647,0.919268,0.933909,0.948569,0.963246,0.977939,0.992646
1.5000,-0.001134,0.001109,0.003404,0.005756,0.008178,0.010684,0.013285,0.015991,0.018810,0.021752,0.024830,0.028056,0.031444,0.035012,0.038779,0.042767,0.047003,0.051518,0.056347,0.061537,0.067137,0.073213,0.079841,0.087116,0.095150,0.104079,0.114058,0.125250,0.137773,0.151594,0.166382,0.181474,0.196107,0.209718,0.222062,0.233132,0.243040,0.251937,0.259971,0.267273,0.273953,0.280101,0.285792,0.291088,0.296039,0.300687,0.305066,0.309207,0.313133,0.316867,0.320426,0.323825,0.327079,0.330200,0.333198,0.336082,0.338859,0.341534,0.344113,0.346598,0.348866,1.007354,0.992625,0.977904,0.963193,0.948493,0.933807,0.919138,0.904489,0.889861,0.875258,0.860682,0.846140,0.831634,0.817173,0.802761,0.788411,0.774130,0.759936,0.745845,0.731883,0.718077,0.704473,0.691123,0.678107,0.665532,0.653554,0.642397,0.632396,0.624030,0.617937,0.614785,0.614993,0.618487,0.624778,0.633224,0.643246,0.654397,0.666359,0.678909,0.691896,0.705211,0.718778,0.732543,0.746464,0.760512,0.774663,0.788900,0.803209,0.817577,0.831998,0.846463,0.860967,0.875505,0.890072,0.904665,0.919281,0.933918,0.948575,0.963249,0.977939,0.992646
1.6000,-0.001134,0.001110,0.003403,0.005753,0.008171,0.010673,0.013269,0.015968,0.018780,0.021715,0.024785,0.028001,0.031380,0.034937,0.038691,0.042667,0.046889,0.051388,0.056202,0.061375,0.066959,0.073017,0.079627,0.086884,0.094903,0.103819,0.113791,0.124979,0.137504,0.151330,0.166123,0.181215,0.195841,0.209439,0.221765,0.232815,0.242704,0.251584,0.259604,0.266896,0.273572,0.279722,0.285419,0.290725,0.295689,0.300353,0.304751,0.308912,0.312861,0.316618,0.320201,0.323627,0.326908,0.330057,0.333083,0.335994,0.338797,0.341496,0.344096,0.346598,0.348866,1.007354,0.992625,0.977904,0.963192,0.948492,0.933806,0.919136,0.904485,0.889856,0.875251,0.860674,0.846130,0.831622,0.817157,0.802743,0.788389,0.774104,0.759906,0.745809,0.731840,0.718028,0.704416,0.691058,0.678032,0.665447,0.653459,0.642294,0.632288,0.623922,0.617838,0.614704,0.614936,0.618459,0.624779,0.633251,0.643294,0.654461,0.666436,0.678995,0.691987,0.705303,0.718870,0.732632,0.746550,0.760592,0.774739,0.788969,0.803272,0.817635,0.832050,0.846509,0.861007,0.875538,0.890099,0.904686,0.919297,0.933929,0.948581,0.963251,0.977939,0.992646
1.7000,-0.001134,0.001107,0.003405,0.005761,0.008188,0.010700,0.013306,0.016017,0.018839,0.021785,0.024865,0.028092,0.031480,0.035046,0.038809,0.042791,0.047018,0.051522,0.056338,0.061512,0.067094,0.073150,0.079755,0.087006,0.095016,0.103922,0.113883,0.125061,0.137577,0.151398,0.166188,0.181282,0.195909,0.209508,0.221831,0.232874,0.242753,0.251620,0.259626,0.266904,0.273566,0.279702,0.285388,0.290685,0.295642,0.300301,0.304697,0.308856,0.312806,0.316566,0.320153,0.323584,0.326870,0.330024,0.333055,0.335973,0.338781,0.341486,0.344092,0.346598,0.348866,1.007354,0.992625,0.977904,0.963194,0.948495,0.933810,0.919142,0.904493,0.889866,0.875264,0.860689,0.846147,0.831641,0.817179,0.802767,0.788414,0.774131,0.759934,0.745839,0.731870,0.718058,0.704444,0.691083,0.678054,0.665464,0.653469,0.642294,0.632276,0.623898,0.617800,0.614654,0.614877,0.618396,0.624717,0.633193,0.643244,0.654421,0.666404,0.678972,0.691972,0.705296,0.718869,0.732635,0.746556,0.760601,0.774749,0.788981,0.803284,0.817646,0.832060,0.846518,0.861015,0.875545,0.890105,0.904691,0.919301,0.933932,0.948583,0.963252,0.977939,0.992646
1.8000,-0.001134,0.001104,0.003406,0.005771,0.008209,0.010734,0.013355,0.016081,0.018920,0.021884,0.024982,0.028228,0.031636,0.035222,0.039006,0.043010,0.047259,0.051784,0.056622,0.061816,0.067417,0.073488,0.080108,0.087370,0.095387,0.104297,0.114256,0.125429,0.137937,0.151749,0.166533,0.181627,0.196262,0.209873,0.222212,0.233272,0.243167,0.252048,0.260065,0.267348,0.274010,0.280142,0.285819,0.291102,0.296042,0.300680,0.305052,0.309187,0.313109,0.316841,0.320400,0.323801,0.327058,0.330182,0.333184,0.336072,0.338852,0.341530,0.344111,0.346598,0.348866,1.007354,0.992624,0.977905,0.963195,0.948498,0.933815,0.919150,0.904504,0.889880,0.875281,0.860710,0.846172,0.831671,0.817214,0.802807,0.788461,0.774185,0.759994,0.745906,0.731945,0.718140,0.704534,0.691180,0.678157,0.665572,0.653580,0.642405,0.632383,0.623993,0.617875,0.614703,0.614898,0.618387,0.624681,0.633135,0.643167,0.654330,0.666303,0.678865,0.691862,0.705185,0.718760,0.732531,0.746457,0.760509,0.774663,0.788902,0.803212,0.817582,0.832004,0.846469,0.860972,0.875509,0.890075,0.904667,0.919283,0.933919,0.948576,0.963249,0.977939,0.992646
1.9000,-0.001134,0.001100,0.003408,0.005784,0.008238,0.010780,0.013420,0.016165,0.019026,0.022011,0.025132,0.028402,0.031835,0.035447,0.039258,0.043289,0.047567,0.052122,0.056989,0.062213,0.067843,0.073944,0.080590,0.087874,0.095908,0.104828,0.114788,0.125954,0.138449,0.152246,0.167021,0.182116,0.196762,0.210393,0.222757,0.233841,0.243756,0.252651,0.260675,0.267962,0.274620,0.280744,0.286406,0.291670,0.296585,0.301195,0.305534,0.309634,0.313519,0.317212,0.320730,0.324090,0.327306,0.330390,0.333352,0.336201,0.338943,0.341586,0.344137,0.346598,0.348866,1.007354,0.992624,0.977905,0.963197,0.948502,0.933823,0.919161,0.904519,0.889898,0.875304,0.860738,0.846205,0.831710,0.817259,0.802860,0.788521,0.774253,0.760072,0.745994,0.732044,0.718251,0.704658,0.691318,0.678308,0.665733,0.653749,0.642577,0.632549,0.624142,0.617995,0.614782,0.614928,0.618370,0.624621,0.633040,0.643048,0.654193,0.666157,0.678714,0.691709,0.705034,0.718613,0.732390,0.746324,0.760384,0.774548,0.788796,0.803117,0.817497,0.831928,0.846403,0.860916,0.875462,0.890037,0.904637,0.919260,0.933904,0.948566,0.963245,0.977939,0.992646
2.0000,-0.001134,0.001095,0.003410,0.005803,0.008277,0.010842,0.013507,0.016279,0.019167,0.022181,0.025332,0.028632,0.032095,0.035737,0.039578,0.043639,0.047945,0.052527,0.057421,0.062668,0.068321,0.074439,0.081100,0.088394,0.096433,0.105351,0.115306,0.126461,0.138941,0.152724,0.167490,0.182585,0.197242,0.210892,0.223277,0.234381,0.244311,0.253215,0.261240,0.268519,0.275162,0.281264,0.286900,0.292133,0.297017,0.301593,0.305899,0.309965,0.313817,0.317476,0.320962,0.324291,0.327476,0.330531,0.333466,0.336288,0.339006,0.341625,0.344154,0.346598,0.348866,1.007354,0.992623,0.977905,0.963200,0.948509,0.933833,0.919176,0.904538,0.889924,0.875335,0.860775,0.846249,0.831761,0.817318,0.802927,0.788596,0.774337,0.760165,0.746096,0.732155,0.718371,0.704786,0.691453,0.678449,0.665878,0.653894,0.642717,0.632678,0.624251,0.618075,0.614823,0.614925,0.618322,0.624535,0.632924,0.642910,0.654042,0.666000,0.678557,0.691557,0.704890,0.718479,0.732266,0.746211,0.760282,0.774457,0.788716,0.803046,0.817435,0.831875,0.846357,0.860878,0.875430,0.890011,0.904617,0.919245,0.933893,0.948560,0.963242,0.977939,0.992646
2.1000,-0.001134,0.001090,0.003412,0.005817,0.008308,0.010892,0.013577,0.016370,0.019281,0.022317,0.025490,0.028813,0.032299,0.035965,0.039829,0.043912,0.048241,0.052845,0.057758,0.063023,0.068689,0.074818,0.081485,0.088781,0.096817,0.105728,0.115671,0.126812,0.139278,0.153049,0.167808,0.182904,0.197568,0.211228,0.223622,0.234733,0.244665,0.253567,0.261587,0.268856,0.275486,0.281571,0.287189,0.292402,0.297264,0.301818,0.306101,0.310145,0.313976,0.317615,0.321083,0.324394,0.327563,0.330602,0.333522,0.336331,0.339035,0.341643,0.344162,0.346598,0.348866,1.007354,0.992622,0.977905,0.963202,0.948514,0.933841,0.919187,0.904554,0.889944,0.875360,0.860805,0.846284,0.831802,0.817364,0.802979,0.788655,0.774403,0.760237,0.746175,0.732241,0.718463,0.704882,0.691553,0.678550,0.665978,0.653989,0.642803,0.632748,0.624301,0.618098,0.614815,0.614886,0.618256,0.624449,0.632826,0.642805,0.653936,0.665895,0.678456,0.691461,0.704801,0.718397,0.732192,0.746145,0.760223,0.774405,0.788671,0.803007,0.817402,0.831846,0.846333,0.860858,0.875414,0.889998,0.904607,0.919238,0.933888,0.948557,0.963241,0.977939,0.992646
2.2000,-0.001134,0.001089,0.003413,0.005822,0.008319,0.010909,0.013600,0.016399,0.019315,0.022357,0.025534,0.028861,0.032351,0.036020,0.039886,0.043972,0.048302,0.052907,0.057822,0.063088,0.068756,0.074887,0.081555,0.088851,0.096886,0.105794,0.115733,0.126869,0.139331,0.153099,0.167857,0.182953,0.197618,0.211278,0.223672,0.234780,0.244709,0.253607,0.261621,0.268885,0.275512,0.281594,0.287210,0.292424,0.297287,0.301842,0.306128,0.310173,0.314004,0.317643,0.321110,0.324420,0.327587,0.330623,0.333538,0.336343,0.339044,0.341648,0.344164,0.346598,0.348866,1.007354,0.992622,0.977905,0.963203,0.948515,0.933844,0.919191,0.904559,0.889950,0.875367,0.860813,0.846293,0.831812,0.817375,0.802990,0.788667,0.774415,0.760250,0.746189,0.732255,0.718478,0.704898,0.691569,0.678567,0.665994,0.654003,0.642813,0.632753,0.624300,0.618089,0.614800,0.614866,0.618234,0.624426,0.632804,0.642786,0.653920,0.665883,0.678446,0.691455,0.704796,0.718393,0.732189,0.746141,0.760220,0.774401,0.788666,0.803002,0.817396,0.831841,0.846328,0.860853,0.875409,0.889994,0.904604,0.919235,0.933887,0.948556,0.963240,0.977939,0.992646
2.3000,-0.001134,0.001092,0.003411,0.005811,0.008294,0.010869,0.013544,0.016327,0.019226,0.022250,0.025411,0.028721,0.032195,0.035847,0.039698,0.043769,0.048084,0.052675,0.057575,0.062829,0.068485,0.074606,0.081266,0.088558,0.096593,0.105506,0.115454,0.126601,0.139075,0.152853,0.167617,0.182712,0.197372,0.211025,0.223412,0.234517,0.244446,0.253348,0.261369,0.268643,0.275280,0.281374,0.287002,0.292226,0.297101,0.301669,0.305966,0.310024,0.313867,0.317519,0.320998,0.324320,0.327500,0.330549,0.333479,0.336297,0.339011,0.341628,0.344155,0.346598,0.348866,1.007354,0.992622,0.977905,0.963201,0.948511,0.933838,0.919182,0.904547,0.889934,0.875348,0.860790,0.846267,0.831781,0.817341,0.802952,0.788624,0.774367,0.760198,0.746131,0.732193,0.718411,0.704826,0.691494,0.678488,0.665915,0.653927,0.642745,0.632697,0.624261,0.618073,0.614810,0.614900,0.618288,0.624494,0.632880,0.642865,0.653999,0.665958,0.678517,0.691520,0.704856,0.718449,0.732239,0.746188,0.760262,0.774439,0.788701,0.803033,0.817424,0.831866,0.846350,0.860872,0.875426,0.890008,0.904614,0.919243,0.933892,0.948559,0.963242,0.977939,0.992646
2.4000,-0.001134,0.001098,0.003408,0.005790,0.008251,0.010800,0.013448,0.016202,0.019071,0.022065,0.025196,0.028476,0.031918,0.035541,0.039362,0.043404,0.047692,0.052257,0.057135,0.062368,0.068008,0.074116,0.080767,0.088056,0.096092,0.105012,0.114972,0.126135,0.138626,0.152418,0.167189,0.182284,0.196935,0.210574,0.222947,0.234040,0.243961,0.252860,0.260885,0.268166,0.274816,0.280927,0.286576,0.291824,0.296725,0.301320,0.305645,0.309732,0.313605,0.317286,0.320794,0.324145,0.327352,0.330427,0.333381,0.336223,0.338959,0.341596,0.344141,0.346598,0.348866,1.007354,0.992623,0.977905,0.963198,0.948504,0.933826,0.919166,0.904525,0.889907,0.875314,0.860750,0.846219,0.831727,0.817278,0.802881,0.788545,0.774281,0.760103,0.746029,0.732082,0.718293,0.704703,0.691366,0.678358,0.665786,0.653802,0.642630,0.632599,0.624186,0.618030,0.614802,0.614931,0.618353,0.624588,0.632994,0.642993,0.654132,0.666093,0.678650,0.691649,0.704979,0.718563,0.732345,0.746285,0.760350,0.774518,0.788771,0.803095,0.817479,0.831913,0.846390,0.860905,0.875453,0.890030,0.904632,0.919256,0.933901,0.948564,0.963244,0.977939,0.992646
2.5000,-0.001134,0.001103,0.003406,0.005775,0.008218,0.010747,0.013373,0.016105,0.018950,0.021920,0.025024,0.028277,0.031693,0.035287,0.039080,0.043094,0.047354,0.051890,0.056740,0.061946,0.067561,0.073645,0.080276,0.087547,0.095571,0.104484,0.114444,0.125614,0.138116,0.151923,0.166704,0.181798,0.196437,0.210055,0.222402,0.233470,0.243371,0.252257,0.260277,0.267562,0.274225,0.280355,0.286029,0.291307,0.296240,0.300870,0.305231,0.309354,0.313263,0.316980,0.320523,0.323908,0.327150,0.330259,0.333246,0.336119,0.338886,0.341551,0.344121,0.346598,0.348866,1.007354,0.992624,0.977905,0.963196,0.948499,0.933818,0.919153,0.904508,0.889885,0.875288,0.860718,0.846182,0.831682,0.817227,0.802823,0.788479,0.774206,0.760019,0.745935,0.731979,0.718179,0.704579,0.691231,0.678213,0.665632,0.653643,0.642469,0.632444,0.624047,0.617919,0.614732,0.614910,0.618382,0.624661,0.633103,0.643128,0.654285,0.666255,0.678815,0.691811,0.705134,0.718709,0.732481,0.746410,0.760463,0.774621,0.788863,0.803177,0.817550,0.831975,0.846444,0.860951,0.875491,0.890061,0.904656,0.919275,0.933914,0.948572,0.963247,0.977939,0.992646
2.6000,-0.001134,0.001106,0.003405,0.005766,0.008199,0.010717,0.013331,0.016048,0.018879,0.021833,0.024921,0.028155,0.031551,0.035124,0.038894,0.042883,0.047117,0.051626,0.056448,0.061626,0.067213,0.073272,0.079881,0.087134,0.095145,0.104052,0.114012,0.125188,0.137701,0.151520,0.166308,0.181402,0.196031,0.209633,0.221961,0.233010,0.242895,0.251767,0.259778,0.267060,0.273724,0.279862,0.285547,0.290841,0.295794,0.300447,0.304834,0.308985,0.312924,0.316673,0.320248,0.323667,0.326942,0.330084,0.333104,0.336010,0.338808,0.341502,0.344099,0.346598,0.348866,1.007354,0.992624,0.977904,0.963194,0.948496,0.933813,0.919146,0.904499,0.889873,0.875272,0.860699,0.846159,0.831655,0.817195,0.802784,0.788433,0.774153,0.759957,0.745864,0.731897,0.718086,0.704474,0.691115,0.678087,0.665498,0.653503,0.642328,0.632309,0.623926,0.617822,0.614669,0.614884,0.618395,0.624707,0.633177,0.643222,0.654393,0.666373,0.678938,0.691936,0.705258,0.718830,0.732597,0.746519,0.760566,0.774716,0.788950,0.803256,0.817621,0.832038,0.846499,0.860998,0.875531,0.890094,0.904682,0.919294,0.933927,0.948580,0.963251,0.977939,0.992646
2.7000,-0.001134,0.001109,0.003404,0.005755,0.008175,0.010680,0.013279,0.015983,0.018799,0.021739,0.024814,0.028036,0.031420,0.034982,0.038742,0.042722,0.046948,0.051451,0.056267,0.061441,0.067024,0.073081,0.079690,0.086944,0.094959,0.103872,0.113839,0.125024,0.137545,0.151370,0.166161,0.181253,0.195881,0.209480,0.221806,0.232855,0.242741,0.251615,0.259628,0.266914,0.273583,0.279725,0.285416,0.290717,0.295677,0.300337,0.304732,0.308891,0.312839,0.316596,0.320181,0.323608,0.326891,0.330041,0.333070,0.335983,0.338789,0.341491,0.344094,0.346598,0.348866,1.007354,0.992625,0.977904,0.963193,0.948493,0.933807,0.919137,0.904487,0.889859,0.875255,0.860679,0.846136,0.831629,0.817166,0.802753,0.788400,0.774117,0.759920,0.745824,0.731855,0.718043,0.704430,0.691071,0.678044,0.665457,0.653466,0.642298,0.632287,0.623917,0.617827,0.614687,0.614914,0.618433,0.624751,0.633222,0.643267,0.654438,0.666416,0.678979,0.691975,0.705295,0.718865,0.732629,0.746549,0.760594,0.774741,0.788973,0.803276,0.817639,0.832054,0.846513,0.861010,0.875541,0.890102,0.904688,0.919299,0.933931,0.948582,0.963252,0.977939,0.992646
2.8000,-0.001134,0.001109,0.003404,0.005755,0.008177,0.010682,0.013283,0.015987,0.018805,0.021746,0.024823,0.028048,0.031435,0.035001,0.038766,0.042751,0.046983,0.051494,0.056319,0.061503,0.067098,0.073168,0.079791,0.087060,0.095089,0.104013,0.113990,0.125179,0.137701,0.151523,0.166311,0.181404,0.196035,0.209642,0.221981,0.233043,0.242944,0.251832,0.259858,0.267153,0.273828,0.279975,0.285667,0.290964,0.295919,0.300571,0.304956,0.309102,0.313035,0.316776,0.320343,0.323751,0.327015,0.330147,0.333155,0.336050,0.338836,0.341520,0.344107,0.346598,0.348866,1.007354,0.992625,0.977904,0.963193,0.948493,0.933807,0.919138,0.904488,0.889860,0.875257,0.860681,0.846138,0.831633,0.817171,0.802759,0.788407,0.774126,0.759931,0.745838,0.731873,0.718066,0.704459,0.691106,0.678088,0.665509,0.653528,0.642368,0.632364,0.623996,0.617902,0.614753,0.614965,0.618467,0.624766,0.633221,0.643251,0.654408,0.666376,0.678932,0.691922,0.705239,0.718808,0.732572,0.746493,0.760539,0.774689,0.788924,0.803231,0.817598,0.832017,0.846480,0.860982,0.875517,0.890082,0.904673,0.919287,0.933922,0.948577,0.963250,0.977939,0.992646
2.9000,-0.001134,0.001104,0.003406,0.005772,0.008212,0.010738,0.013360,0.016088,0.018930,0.021895,0.024996,0.028245,0.031657,0.035248,0.039037,0.043048,0.047305,0.051839,0.056688,0.061893,0.067507,0.073592,0.080226,0.087501,0.095530,0.104449,0.114415,0.125591,0.138098,0.151907,0.166688,0.181782,0.196421,0.210040,0.222391,0.233464,0.243371,0.252263,0.260288,0.267579,0.274245,0.280380,0.286056,0.291336,0.296270,0.300900,0.305262,0.309384,0.313292,0.317007,0.320548,0.323931,0.327170,0.330275,0.333259,0.336129,0.338892,0.341554,0.344122,0.346598,0.348866,1.007354,0.992624,0.977905,0.963195,0.948498,0.933816,0.919151,0.904505,0.889882,0.875283,0.860713,0.846176,0.831676,0.817220,0.802814,0.788469,0.774196,0.760008,0.745923,0.731967,0.718167,0.704567,0.691220,0.678205,0.665627,0.653642,0.642474,0.632455,0.624065,0.617944,0.614762,0.614940,0.618411,0.624687,0.633124,0.643143,0.654295,0.666261,0.678817,0.691810,0.705131,0.718705,0.732476,0.746404,0.760457,0.774614,0.788856,0.803170,0.817544,0.831970,0.846439,0.860947,0.875488,0.890058,0.904654,0.919273,0.933913,0.948571,0.963247,0.977939,0.992646
3.0000,-0.001134,0.001096,0.003409,0.005796,0.008264,0.010821,0.013477,0.016239,0.019116,0.022118,0.025256,0.028541,0.031989,0.035615,0.039439,0.043483,0.047771,0.052335,0.057209,0.062436,0.068068,0.074166,0.080806,0.088081,0.096102,0.105007,0.114953,0.126105,0.138588,0.152378,0.167150,0.182245,0.196894,0.210527,0.222888,0.233967,0.243873,0.252755,0.260765,0.268034,0.274676,0.280782,0.286430,0.291680,0.296585,0.301186,0.305519,0.309613,0.313495,0.317185,0.320703,0.324063,0.327281,0.330367,0.333332,0.336184,0.338931,0.341579,0.344133,0.346598,0.348866,1.007354,0.992623,0.977905,0.963199,0.948507,0.933830,0.919171,0.904531,0.889915,0.875324,0.860761,0.846232,0.831740,0.817293,0.802897,0.788562,0.774297,0.760119,0.746043,0.732095,0.718302,0.704708,0.691365,0.678350,0.665768,0.653773,0.642588,0.632543,0.624119,0.617954,0.614725,0.614858,0.618292,0.624541,0.632964,0.642978,0.654132,0.666105,0.678671,0.691676,0.705010,0.718596,0.732378,0.746317,0.760381,0.774548,0.788798,0.803120,0.817501,0.831933,0.846408,0.860921,0.875467,0.890041,0.904641,0.919263,0.933906,0.948567,0.963245,0.977939,0.992646
3.1000,-0.001134,0.001092,0.003411,0.005813,0.008298,0.010875,0.013553,0.016338,0.019239,0.022266,0.025428,0.028739,0.032213,0.035865,0.039715,0.043784,0.048097,0.052684,0.057580,0.062827,0.068477,0.074590,0.081241,0.088522,0.096546,0.105447,0.115383,0.126522,0.138991,0.152767,0.167531,0.182627,0.197285,0.210932,0.223310,0.234402,0.244315,0.253199,0.261203,0.268460,0.275083,0.281167,0.286788,0.292010,0.296885,0.301457,0.305762,0.309829,0.313686,0.317352,0.320848,0.324188,0.327387,0.330454,0.333402,0.336238,0.338969,0.341602,0.344143,0.346598,0.348866,1.007354,0.992622,0.977905,0.963202,0.948512,0.933839,0.919183,0.904549,0.889937,0.875351,0.860793,0.846270,0.831785,0.817344,0.802955,0.788626,0.774369,0.760198,0.746130,0.732190,0.718405,0.704817,0.691480,0.678469,0.665888,0.653891,0.642699,0.632641,0.624196,0.618003,0.614737,0.614833,0.618230,0.624449,0.632850,0.642850,0.653998,0.665970,0.678540,0.691552,0.704895,0.718492,0.732285,0.746235,0.760309,0.774485,0.788744,0.803073,0.817461,0.831899,0.846379,0.860897,0.875447,0.890025,0.904628,0.919254,0.933899,0.948563,0.963244,0.977939,0.992646
3.2000,-0.001134,0.001091,0.003412,0.005814,0.008300,0.010879,0.013559,0.016346,0.019249,0.022278,0.025444,0.028758,0.032236,0.035893,0.039749,0.043824,0.048145,0.052741,0.057648,0.062907,0.068569,0.074695,0.081360,0.088655,0.096691,0.105603,0.115549,0.126693,0.139163,0.152938,0.167699,0.182795,0.197457,0.211113,0.223504,0.234612,0.244542,0.253442,0.261461,0.268729,0.275361,0.281448,0.287069,0.292288,0.297156,0.301718,0.306010,0.310063,0.313903,0.317550,0.321025,0.324344,0.327520,0.330566,0.333493,0.336308,0.339019,0.341633,0.344157,0.346598,0.348866,1.007354,0.992622,0.977905,0.963202,0.948512,0.933839,0.919184,0.904550,0.889938,0.875353,0.860796,0.846274,0.831789,0.817350,0.802962,0.788636,0.774381,0.760213,0.746149,0.732212,0.718433,0.704851,0.691520,0.678517,0.665945,0.653956,0.642772,0.632721,0.624280,0.618085,0.614812,0.614892,0.618270,0.624470,0.632851,0.642834,0.653967,0.665927,0.678488,0.691494,0.704833,0.718428,0.732222,0.746173,0.760249,0.774428,0.788691,0.803025,0.817417,0.831860,0.846345,0.860867,0.875422,0.890005,0.904612,0.919242,0.933891,0.948558,0.963242,0.977939,0.992646
3.3000,-0.001134,0.001094,0.003410,0.005805,0.008282,0.010850,0.013518,0.016294,0.019186,0.022204,0.025359,0.028663,0.032132,0.035780,0.039628,0.043696,0.048010,0.052601,0.057503,0.062760,0.068422,0.074550,0.081220,0.088522,0.096569,0.105493,0.115451,0.126607,0.139087,0.152869,0.167633,0.182728,0.197388,0.211043,0.223437,0.234552,0.244495,0.253411,0.261448,0.268737,0.275387,0.281493,0.287131,0.292363,0.297243,0.301812,0.306109,0.310164,0.314003,0.317648,0.321118,0.324430,0.327598,0.330634,0.333549,0.336352,0.339051,0.341653,0.344166,0.346598,0.348866,1.007354,0.992622,0.977905,0.963200,0.948509,0.933834,0.919177,0.904541,0.889927,0.875339,0.860780,0.846256,0.831769,0.817327,0.802937,0.788609,0.774352,0.760182,0.746116,0.732179,0.718399,0.704818,0.691490,0.678491,0.665925,0.653945,0.642772,0.632735,0.624309,0.618130,0.614871,0.614964,0.618349,0.624548,0.632924,0.642898,0.654019,0.665968,0.678517,0.691512,0.704841,0.718428,0.732215,0.746161,0.760233,0.774410,0.788671,0.803005,0.817397,0.831841,0.846327,0.860851,0.875407,0.889992,0.904602,0.919234,0.933886,0.948555,0.963240,0.977939,0.992646
3.4000,-0.001134,0.001096,0.003409,0.005797,0.008264,0.010822,0.013479,0.016242,0.019122,0.022126,0.025267,0.028558,0.032011,0.035645,0.039477,0.043531,0.047831,0.052407,0.057297,0.062542,0.068193,0.074312,0.080974,0.088271,0.096315,0.105240,0.115202,0.126364,0.138850,0.152639,0.167407,0.182501,0.197156,0.210804,0.223188,0.234294,0.244229,0.253139,0.261173,0.268462,0.275116,0.281229,0.286875,0.292119,0.297010,0.301594,0.305905,0.309975,0.313829,0.317491,0.320977,0.324305,0.327489,0.330542,0.333474,0.336294,0.339010,0.341627,0.344155,0.346598,0.348866,1.007354,0.992623,0.977905,0.963199,0.948507,0.933830,0.919171,0.904532,0.889916,0.875325,0.860763,0.846235,0.831745,0.817300,0.802906,0.788573,0.774312,0.760138,0.746067,0.732126,0.718341,0.704756,0.691424,0.678422,0.665854,0.653875,0.642704,0.632672,0.624256,0.618090,0.614850,0.614962,0.618366,0.624581,0.632971,0.642955,0.654083,0.666036,0.678587,0.691582,0.704909,0.718493,0.732276,0.746218,0.760286,0.774458,0.788715,0.803044,0.817432,0.831872,0.846354,0.860875,0.875427,0.890009,0.904615,0.919244,0.933893,0.948559,0.963242,0.977939,0.992646
3.5000,-0.001134,0.001098,0.003408,0.005791,0.008252,0.010801,0.013449,0.016203,0.019072,0.022065,0.025194,0.028472,0.031912,0.035532,0.039349,0.043387,0.047670,0.052229,0.057100,0.062325,0.067956,0.074055,0.080698,0.087976,0.096004,0.104916,0.114869,0.126027,0.138516,0.152310,0.167083,0.182177,0.196826,0.210459,0.222823,0.233905,0.243815,0.252702,0.260716,0.267989,0.274633,0.280740,0.286388,0.291639,0.296544,0.301146,0.305480,0.309577,0.313461,0.317154,0.320675,0.324039,0.327260,0.330350,0.333319,0.336175,0.338925,0.341575,0.344131,0.346598,0.348866,1.007354,0.992623,0.977905,0.963198,0.948505,0.933827,0.919166,0.904525,0.889907,0.875314,0.860749,0.846219,0.831725,0.817276,0.802878,0.788541,0.774275,0.760095,0.746019,0.732070,0.718277,0.704683,0.691341,0.678328,0.665750,0.653760,0.642581,0.632544,0.624129,0.617972,0.614750,0.614888,0.618324,0.624572,0.632991,0.643001,0.654151,0.666120,0.678684,0.691687,0.705020,0.718606,0.732388,0.746327,0.760390,0.774557,0.788807,0.803128,0.817508,0.831940,0.846414,0.860926,0.875470,0.890044,0.904643,0.919265,0.933907,0.948568,0.963246,0.977939,0.992646
3.6000,-0.001134,0.001101,0.003407,0.005782,0.008234,0.010773,0.013410,0.016152,0.019008,0.021989,0.025104,0.028368,0.031793,0.035397,0.039197,0.043217,0.047482,0.052021,0.056871,0.062075,0.067683,0.073759,0.080379,0.087637,0.095646,0.104543,0.114487,0.125644,0.138137,0.151939,0.166719,0.181813,0.196453,0.210068,0.222407,0.233463,0.243349,0.252216,0.260216,0.267482,0.274127,0.280242,0.285904,0.291173,0.296101,0.300729,0.305091,0.309218,0.313133,0.316859,0.320412,0.323809,0.327062,0.330185,0.333185,0.336072,0.338852,0.341530,0.344111,0.346598,0.348866,1.007354,0.992624,0.977905,0.963197,0.948502,0.933822,0.919159,0.904517,0.889896,0.875300,0.860733,0.846199,0.831702,0.817249,0.802847,0.788505,0.774233,0.760047,0.745963,0.732006,0.718204,0.704600,0.691247,0.678222,0.665632,0.653631,0.642443,0.632402,0.623990,0.617849,0.614653,0.614827,0.618302,0.624588,0.633042,0.643081,0.654252,0.666236,0.678808,0.691814,0.705146,0.718729,0.732505,0.746437,0.760493,0.774651,0.788892,0.803205,0.817577,0.832000,0.846466,0.860971,0.875508,0.890075,0.904667,0.919283,0.933920,0.948576,0.963249,0.977939,0.992646
3.7000,-0.001134,0.001104,0.003406,0.005771,0.008210,0.010734,0.013355,0.016079,0.018917,0.021878,0.024973,0.028214,0.031617,0.035197,0.038974,0.042970,0.047211,0.051727,0.056555,0.061739,0.067330,0.073393,0.080005,0.087260,0.095272,0.104178,0.114137,0.125311,0.137822,0.151637,0.166423,0.181517,0.196149,0.209755,0.222088,0.233142,0.243031,0.251906,0.259918,0.267200,0.273863,0.279998,0.285679,0.290967,0.295913,0.300558,0.304937,0.309080,0.313010,0.316750,0.320316,0.323726,0.326992,0.330125,0.333137,0.336035,0.338826,0.341513,0.344104,0.346598,0.348866,1.007354,0.992624,0.977905,0.963195,0.948498,0.933816,0.919150,0.904504,0.889879,0.875280,0.860708,0.846169,0.831667,0.817209,0.802800,0.788451,0.774173,0.759979,0.745888,0.731923,0.718115,0.704504,0.691147,0.678120,0.665531,0.653536,0.642360,0.632339,0.623953,0.617842,0.614680,0.614885,0.618385,0.624690,0.633152,0.643192,0.654359,0.666337,0.678901,0.691899,0.705222,0.718796,0.732564,0.746489,0.760538,0.774690,0.788927,0.803235,0.817603,0.832022,0.846485,0.860987,0.875522,0.890086,0.904676,0.919290,0.933924,0.948578,0.963250,0.977939,0.992646
3.8000,-0.001134,0.001109,0.003404,0.005754,0.008175,0.010679,0.013278,0.015981,0.018798,0.021738,0.024813,0.028037,0.031424,0.034990,0.038755,0.042741,0.046976,0.051489,0.056317,0.061505,0.067103,0.073177,0.079803,0.087075,0.095106,0.104032,0.114009,0.125198,0.137720,0.151541,0.166329,0.181422,0.196054,0.209662,0.222002,0.233066,0.242968,0.251859,0.259887,0.267183,0.273860,0.280006,0.285698,0.290995,0.295949,0.300600,0.304984,0.309129,0.313061,0.316800,0.320365,0.323772,0.327034,0.330163,0.333170,0.336061,0.338844,0.341525,0.344109,0.346598,0.348866,1.007354,0.992625,0.977904,0.963193,0.948492,0.933806,0.919137,0.904487,0.889859,0.875255,0.860679,0.846136,0.831630,0.817168,0.802757,0.788405,0.774125,0.759930,0.745839,0.731875,0.718069,0.704464,0.691113,0.678096,0.665519,0.653538,0.642379,0.632375,0.624007,0.617912,0.614762,0.614973,0.618472,0.624769,0.633222,0.643250,0.654406,0.666372,0.678926,0.691916,0.705232,0.718801,0.732565,0.746486,0.760533,0.774683,0.788918,0.803226,0.817593,0.832012,0.846476,0.860978,0.875513,0.890079,0.904670,0.919285,0.933921,0.948576,0.963249,0.977939,0.992646
3.9000,-0.001134,0.001108,0.003404,0.005758,0.008183,0.010692,0.013297,0.016006,0.018829,0.021776,0.024859,0.028090,0.031484,0.035058,0.038831,0.042826,0.047068,0.051590,0.056426,0.061621,0.067227,0.073308,0.079940,0.087216,0.095249,0.104176,0.114152,0.125339,0.137856,0.151673,0.166458,0.181551,0.196186,0.209800,0.222146,0.233216,0.243122,0.252015,0.260043,0.267337,0.274009,0.280150,0.285835,0.291125,0.296070,0.300712,0.305087,0.309223,0.313145,0.316875,0.320431,0.323829,0.327082,0.330203,0.333201,0.336085,0.338862,0.341536,0.344114,0.346598,0.348866,1.007354,0.992625,0.977904,0.963193,0.948494,0.933809,0.919140,0.904491,0.889864,0.875262,0.860688,0.846146,0.831642,0.817182,0.802772,0.788423,0.774145,0.759953,0.745864,0.731904,0.718101,0.704499,0.691151,0.678136,0.665561,0.653581,0.642421,0.632415,0.624040,0.617937,0.614774,0.614972,0.618459,0.624745,0.633189,0.643211,0.654364,0.666329,0.678883,0.691874,0.705192,0.718763,0.732530,0.746454,0.760504,0.774657,0.788895,0.803205,0.817575,0.831997,0.846463,0.860967,0.875504,0.890071,0.904664,0.919281,0.933918,0.948574,0.963248,0.977939,0.992646
4.0000,-0.001134,0.001101,0.003407,0.005782,0.008232,0.010771,0.013406,0.016147,0.019003,0.021982,0.025096,0.028358,0.031781,0.035382,0.039181,0.043199,0.047461,0.051998,0.056847,0.062049,0.067659,0.073737,0.080361,0.087624,0.095640,0.104544,0.114496,0.125660,0.138158,0.151963,0.166743,0.181837,0.196477,0.210094,0.222440,0.233505,0.243401,0.252281,0.260293,0.267570,0.274225,0.280348,0.286016,0.291289,0.296218,0.300845,0.305205,0.309327,0.313236,0.316953,0.320498,0.323885,0.327129,0.330241,0.333231,0.336108,0.338878,0.341546,0.344119,0.346598,0.348866,1.007354,0.992624,0.977905,0.963197,0.948502,0.933822,0.919159,0.904516,0.889895,0.875299,0.860731,0.846197,0.831700,0.817246,0.802843,0.788501,0.774228,0.760042,0.745957,0.732000,0.718198,0.704595,0.691244,0.678222,0.665635,0.653640,0.642459,0.632427,0.624023,0.617889,0.614699,0.614875,0.618347,0.624627,0.633072,0.643100,0.654262,0.666237,0.678801,0.691801,0.705129,0.718707,0.732482,0.746412,0.760467,0.774625,0.788868,0.803182,0.817555,0.831980,0.846449,0.860956,0.875495,0.890064,0.904659,0.919277,0.933915,0.948573,0.963248,0.977939,0.992646
4.1000,-0.001134,0.001096,0.003410,0.005799,0.008269,0.010829,0.013488,0.016253,0.019133,0.022137,0.025277,0.028565,0.032014,0.035641,0.039466,0.043508,0.047795,0.052356,0.057226,0.062448,0.068074,0.074165,0.080796,0.088062,0.096076,0.104972,0.114911,0.126057,0.138536,0.152324,0.167097,0.182192,0.196840,0.210469,0.222823,0.233891,0.243785,0.252655,0.260653,0.267912,0.274545,0.280646,0.286289,0.291538,0.296444,0.301049,0.305388,0.309490,0.313381,0.317081,0.320610,0.323981,0.327209,0.330306,0.333283,0.336146,0.338904,0.341562,0.344125,0.346598,0.348866,1.007354,0.992623,0.977905,0.963199,0.948507,0.933831,0.919172,0.904534,0.889918,0.875327,0.860765,0.846237,0.831745,0.817298,0.802902,0.788567,0.774302,0.760122,0.746046,0.732095,0.718301,0.704703,0.691356,0.678336,0.665749,0.653748,0.642556,0.632505,0.624074,0.617904,0.614673,0.614809,0.618250,0.624509,0.632943,0.642968,0.654133,0.666115,0.678688,0.691699,0.705037,0.718626,0.732410,0.746349,0.760412,0.774578,0.788827,0.803146,0.817525,0.831954,0.846427,0.860937,0.875480,0.890052,0.904650,0.919270,0.933911,0.948570,0.963247,0.977939,0.992646
4.2000,-0.001134,0.001095,0.003410,0.005802,0.008275,0.010839,0.013502,0.016272,0.019158,0.022169,0.025316,0.028612,0.032070,0.035709,0.039545,0.043601,0.047902,0.052479,0.057368,0.062610,0.068256,0.074369,0.081022,0.088308,0.096339,0.105249,0.115197,0.126347,0.138825,0.152608,0.167375,0.182471,0.197126,0.210770,0.223146,0.234238,0.244155,0.253045,0.261057,0.268325,0.274959,0.281055,0.286687,0.291921,0.296807,0.301388,0.305701,0.309777,0.313640,0.317312,0.320813,0.324158,0.327360,0.330432,0.333384,0.336224,0.338960,0.341596,0.344141,0.346598,0.348866,1.007354,0.992623,0.977905,0.963200,0.948508,0.933833,0.919175,0.904537,0.889922,0.875333,0.860772,0.846245,0.831756,0.817312,0.802919,0.788587,0.774327,0.760153,0.746082,0.732139,0.718353,0.704765,0.691429,0.678420,0.665844,0.653854,0.642671,0.632626,0.624195,0.618017,0.614767,0.614876,0.618285,0.624510,0.632913,0.642913,0.654057,0.666024,0.678589,0.691595,0.704933,0.718524,0.732313,0.746258,0.760328,0.774501,0.788758,0.803085,0.817471,0.831907,0.846386,0.860903,0.875452,0.890029,0.904631,0.919256,0.933901,0.948564,0.963244,0.977939,0.992646
4.3000,-0.001134,0.001095,0.003410,0.005800,0.008272,0.010834,0.013495,0.016263,0.019148,0.022158,0.025305,0.028602,0.032063,0.035703,0.039543,0.043604,0.047911,0.052495,0.057392,0.062643,0.068299,0.074423,0.081088,0.088387,0.096431,0.105355,0.115315,0.126475,0.138959,0.152744,0.167510,0.182605,0.197262,0.210914,0.223303,0.234414,0.244353,0.253265,0.261300,0.268587,0.275239,0.281348,0.286989,0.292227,0.297113,0.301690,0.305995,0.310057,0.313904,0.317557,0.321036,0.324356,0.327533,0.330579,0.333504,0.336317,0.339026,0.341638,0.344160,0.346598,0.348866,1.007354,0.992623,0.977905,0.963200,0.948508,0.933832,0.919174,0.904536,0.889920,0.875331,0.860770,0.846244,0.831755,0.817312,0.802920,0.788589,0.774330,0.760158,0.746090,0.732151,0.718369,0.704786,0.691455,0.678454,0.665886,0.653907,0.642735,0.632701,0.624280,0.618109,0.614861,0.614963,0.618358,0.624565,0.632948,0.642927,0.654052,0.666003,0.678554,0.691549,0.704878,0.718463,0.732248,0.746192,0.760262,0.774437,0.788696,0.803027,0.817417,0.831858,0.846343,0.860865,0.875419,0.890002,0.904610,0.919240,0.933890,0.948557,0.963241,0.977939,0.992646
4.4000,-0.001134,0.001095,0.003410,0.005801,0.008274,0.010838,0.013500,0.016270,0.019156,0.022167,0.025315,0.028612,0.032073,0.035713,0.039553,0.043613,0.047920,0.052503,0.057398,0.062648,0.068304,0.074426,0.081091,0.088390,0.096434,0.105359,0.115319,0.126479,0.138963,0.152749,0.167515,0.182610,0.197267,0.210918,0.223307,0.234417,0.244357,0.253271,0.261309,0.268600,0.275255,0.281367,0.287012,0.292253,0.297140,0.301719,0.306025,0.310089,0.313936,0.317589,0.321067,0.324385,0.327559,0.330602,0.333523,0.336332,0.339037,0.341644,0.344162,0.346598,0.348866,1.007354,0.992623,0.977905,0.963200,0.948508,0.933832,0.919174,0.904537,0.889922,0.875332,0.860772,0.846246,0.831757,0.817313,0.802921,0.788590,0.774331,0.760159,0.746091,0.732151,0.718369,0.704785,0.691455,0.678453,0.665886,0.653906,0.642735,0.632701,0.624281,0.618110,0.614862,0.614967,0.618364,0.624573,0.632956,0.642934,0.654059,0.666008,0.678557,0.691550,0.704877,0.718461,0.732245,0.746188,0.760257,0.774431,0.788690,0.803021,0.817411,0.831852,0.846337,0.860860,0.875415,0.889998,0.904607,0.919237,0.933888,0.948557,0.963241,0.977939,0.992646
4.5000,-0.001134,0.001095,0.003410,0.005802,0.008276,0.010841,0.013504,0.016275,0.019161,0.022172,0.025320,0.028616,0.032076,0.035714,0.039551,0.043607,0.047910,0.052488,0.057377,0.062620,0.068267,0.074381,0.081035,0.088323,0.096355,0.105268,0.115218,0.126370,0.138849,0.152632,0.167399,0.182495,0.197150,0.210795,0.223172,0.234267,0.244188,0.253084,0.261102,0.268375,0.275014,0.281113,0.286748,0.291982,0.296868,0.301448,0.305760,0.309834,0.313695,0.317364,0.320862,0.324202,0.327399,0.330466,0.333412,0.336246,0.338975,0.341605,0.344145,0.346598,0.348866,1.007354,0.992623,0.977905,0.963200,0.948509,0.933833,0.919175,0.904538,0.889923,0.875333,0.860773,0.846246,0.831758,0.817313,0.802921,0.788589,0.774328,0.760155,0.746084,0.732142,0.718356,0.704768,0.691433,0.678425,0.665850,0.653862,0.642681,0.632637,0.624208,0.618032,0.614783,0.614891,0.618299,0.624522,0.632923,0.642919,0.654059,0.666023,0.678584,0.691587,0.704922,0.718512,0.732300,0.746245,0.760315,0.774488,0.788746,0.803073,0.817460,0.831897,0.846377,0.860894,0.875444,0.890023,0.904626,0.919252,0.933898,0.948563,0.963244,0.977939,0.992646
4.6000,-0.001134,0.001096,0.003409,0.005798,0.008266,0.010825,0.013482,0.016246,0.019126,0.022130,0.025270,0.028558,0.032009,0.035638,0.039465,0.043510,0.047800,0.052365,0.057239,0.062466,0.068097,0.074193,0.080831,0.088102,0.096120,0.105021,0.114963,0.126111,0.138590,0.152378,0.167149,0.182244,0.196894,0.210527,0.222887,0.233961,0.243860,0.252733,0.260732,0.267991,0.274622,0.280718,0.286357,0.291601,0.296501,0.301100,0.305433,0.309529,0.313415,0.317110,0.320634,0.324001,0.327226,0.330321,0.333294,0.336156,0.338911,0.341567,0.344128,0.346598,0.348866,1.007354,0.992623,0.977905,0.963199,0.948507,0.933830,0.919171,0.904533,0.889916,0.875326,0.860764,0.846235,0.831744,0.817298,0.802902,0.788568,0.774304,0.760126,0.746050,0.732101,0.718309,0.704714,0.691369,0.678353,0.665768,0.653771,0.642582,0.632534,0.624104,0.617932,0.614696,0.614826,0.618257,0.624508,0.632933,0.642952,0.654113,0.666092,0.678665,0.691676,0.705015,0.718606,0.732392,0.746333,0.760398,0.774566,0.788817,0.803138,0.817518,0.831948,0.846422,0.860933,0.875477,0.890050,0.904647,0.919268,0.933909,0.948569,0.963246,0.977939,0.992646
4.7000,-0.001134,0.001100,0.003408,0.005784,0.008239,0.010781,0.013420,0.016166,0.019025,0.022009,0.025127,0.028393,0.031822,0.035428,0.039231,0.043253,0.047520,0.052062,0.056915,0.062121,0.067734,0.073814,0.080440,0.087704,0.095720,0.104623,0.114573,0.125733,0.138227,0.152028,0.166807,0.181902,0.196542,0.210161,0.222507,0.233572,0.243468,0.252346,0.260355,0.267629,0.274280,0.280399,0.286061,0.291330,0.296255,0.300878,0.305235,0.309354,0.313260,0.316976,0.320519,0.323904,0.327146,0.330255,0.333242,0.336116,0.338883,0.341549,0.344120,0.346598,0.348866,1.007354,0.992624,0.977905,0.963197,0.948502,0.933823,0.919161,0.904519,0.889898,0.875304,0.860737,0.846204,0.831707,0.817255,0.802853,0.788512,0.774241,0.760056,0.745973,0.732017,0.718216,0.704614,0.691264,0.678242,0.665656,0.653660,0.642477,0.632441,0.624032,0.617890,0.614690,0.614859,0.618326,0.624604,0.633048,0.643077,0.654239,0.666215,0.678781,0.691784,0.705113,0.718694,0.732470,0.746402,0.760458,0.774618,0.788861,0.803176,0.817550,0.831976,0.846445,0.860952,0.875492,0.890062,0.904657,0.919275,0.933914,0.948572,0.963248,0.977939,0.992646
4.8000,-0.001134,0.001106,0.003405,0.005766,0.008198,0.010717,0.013331,0.016050,0.018883,0.021839,0.024930,0.028170,0.031571,0.035152,0.038930,0.042928,0.047173,0.051696,0.056532,0.061726,0.067330,0.073406,0.080032,0.087302,0.095329,0.104249,0.114219,0.125400,0.137914,0.151729,0.166513,0.181606,0.196241,0.209855,0.222200,0.233267,0.243170,0.252060,0.260085,0.267377,0.274047,0.280186,0.285869,0.291157,0.296100,0.300739,0.305110,0.309244,0.313163,0.316890,0.320444,0.323839,0.327090,0.330209,0.333206,0.336089,0.338864,0.341537,0.344115,0.346598,0.348866,1.007354,0.992624,0.977904,0.963194,0.948496,0.933813,0.919146,0.904499,0.889874,0.875273,0.860701,0.846161,0.831659,0.817200,0.802792,0.788444,0.774167,0.759975,0.745887,0.731926,0.718122,0.704517,0.691167,0.678148,0.665569,0.653585,0.642419,0.632407,0.624026,0.617917,0.614750,0.614946,0.618433,0.624720,0.633166,0.643191,0.654346,0.666314,0.678870,0.691862,0.705181,0.718753,0.732521,0.746446,0.760496,0.774651,0.788890,0.803200,0.817571,0.831993,0.846460,0.860965,0.875503,0.890070,0.904663,0.919280,0.933917,0.948574,0.963248,0.977939,0.992646
4.9000,-0.001134,0.001109,0.003404,0.005756,0.008179,0.010685,0.013287,0.015993,0.018812,0.021756,0.024835,0.028062,0.031452,0.035022,0.038790,0.042781,0.047019,0.051536,0.056367,0.061558,0.067160,0.073236,0.079863,0.087134,0.095164,0.104087,0.114062,0.125248,0.137767,0.151586,0.166373,0.181466,0.196099,0.209708,0.222048,0.233113,0.243014,0.251903,0.259928,0.267223,0.273897,0.280041,0.285730,0.291025,0.295975,0.300623,0.305004,0.309146,0.313074,0.316811,0.320374,0.323779,0.327039,0.330167,0.333173,0.336063,0.338846,0.341527,0.344110,0.346598,0.348866,1.007354,0.992625,0.977904,0.963193,0.948493,0.933807,0.919139,0.904489,0.889861,0.875258,0.860683,0.846141,0.831636,0.817175,0.802764,0.788414,0.774134,0.759941,0.745851,0.731888,0.718084,0.704479,0.691129,0.678112,0.665534,0.653552,0.642390,0.632384,0.624011,0.617911,0.614755,0.614961,0.618457,0.624753,0.633205,0.643233,0.654390,0.666358,0.678913,0.691904,0.705221,0.718791,0.732556,0.746478,0.760526,0.774677,0.788913,0.803222,0.817590,0.832010,0.846474,0.860977,0.875512,0.890078,0.904670,0.919284,0.933921,0.948576,0.963249,0.977939,0.992646
5.0000,-0.001134,0.001105,0.003405,0.005767,0.008202,0.010722,0.013337,0.016057,0.018891,0.021847,0.024938,0.028177,0.031578,0.035156,0.038932,0.042928,0.047170,0.051688,0.056519,0.061707,0.067304,0.073372,0.079990,0.087251,0.095268,0.104180,0.114142,0.125318,0.137830,0.151645,0.166431,0.181524,0.196157,0.209765,0.222101,0.233158,0.243050,0.251929,0.259944,0.267228,0.273892,0.280028,0.285708,0.290996,0.295942,0.300586,0.304964,0.309105,0.313034,0.316772,0.320337,0.323744,0.327008,0.330139,0.333148,0.336044,0.338832,0.341517,0.344106,0.346598,0.348866,1.007354,0.992624,0.977905,0.963195,0.948497,0.933814,0.919147,0.904500,0.889875,0.875275,0.860702,0.846163,0.831660,0.817201,0.802792,0.788443,0.774165,0.759972,0.745882,0.731919,0.718112,0.704504,0.691150,0.678126,0.665541,0.653549,0.642377,0.632358,0.623974,0.617864,0.614700,0.614902,0.618400,0.624699,0.633158,0.643194,0.654359,0.666334,0.678897,0.691893,0.705215,0.718789,0.732558,0.746482,0.760532,0.774684,0.788921,0.803230,0.817598,0.832018,0.846481,0.860983,0.875518,0.890083,0.904674,0.919288,0.933923,0.948578,0.963250,0.977939,0.992646
5.1000,-0.001134,0.001101,0.003407,0.005780,0.008229,0.010766,0.013399,0.016138,0.018991,0.021968,0.025080,0.028339,0.031760,0.035359,0.039154,0.043169,0.047428,0.051962,0.056807,0.062006,0.067610,0.073683,0.080302,0.087560,0.095571,0.104473,0.114422,0.125586,0.138085,0.151890,0.166672,0.181766,0.196404,0.210019,0.222359,0.233418,0.243308,0.252182,0.260188,0.267461,0.274113,0.280234,0.285902,0.291176,0.296108,0.300740,0.305106,0.309235,0.313153,0.316879,0.320433,0.323829,0.327081,0.330201,0.333199,0.336083,0.338859,0.341534,0.344113,0.346598,0.348866,1.007354,0.992624,0.977905,0.963197,0.948501,0.933821,0.919157,0.904514,0.889892,0.875296,0.860728,0.846193,0.831695,0.817241,0.802838,0.788494,0.774221,0.760033,0.745948,0.731988,0.718185,0.704579,0.691225,0.678201,0.665612,0.653614,0.642431,0.632397,0.623995,0.617863,0.614676,0.614856,0.618335,0.624622,0.633075,0.643109,0.654276,0.666255,0.678823,0.691826,0.705155,0.718734,0.732509,0.746439,0.760493,0.774649,0.788890,0.803202,0.817573,0.831996,0.846462,0.860967,0.875504,0.890072,0.904665,0.919281,0.933918,0.948575,0.963249,0.977939,0.992646
5.2000,-0.001134,0.001099,0.003408,0.005788,0.008246,0.010793,0.013437,0.016188,0.019054,0.022044,0.025169,0.028443,0.031880,0.035495,0.039308,0.043342,0.047621,0.052176,0.057043,0.062265,0.067892,0.073987,0.080626,0.087901,0.095926,0.104834,0.114785,0.125943,0.138432,0.152227,0.167001,0.182096,0.196742,0.210371,0.222728,0.233804,0.243708,0.252590,0.260601,0.267873,0.274519,0.280630,0.286283,0.291541,0.296454,0.301064,0.305407,0.309512,0.313404,0.317105,0.320633,0.324003,0.327230,0.330325,0.333299,0.336160,0.338915,0.341569,0.344129,0.346598,0.348866,1.007354,0.992623,0.977905,0.963198,0.948504,0.933825,0.919164,0.904523,0.889903,0.875310,0.860745,0.846213,0.831719,0.817269,0.802870,0.788532,0.774264,0.760083,0.746005,0.732055,0.718261,0.704665,0.691321,0.678306,0.665726,0.653734,0.642553,0.632515,0.624099,0.617945,0.614727,0.614873,0.618318,0.624576,0.633005,0.643022,0.654177,0.666150,0.678715,0.691719,0.705051,0.718635,0.732415,0.746351,0.760412,0.774576,0.788823,0.803142,0.817520,0.831949,0.846422,0.860933,0.875476,0.890049,0.904647,0.919267,0.933909,0.948569,0.963246,0.977939,0.992646
5.3000,-0.001134,0.001097,0.003409,0.005796,0.008262,0.010818,0.013473,0.016235,0.019112,0.022114,0.025253,0.028540,0.031991,0.035622,0.039451,0.043500,0.047795,0.052367,0.057251,0.062489,0.068134,0.074245,0.080900,0.088189,0.096225,0.105143,0.115099,0.126258,0.138744,0.152532,0.167301,0.182396,0.197049,0.210692,0.223068,0.234164,0.244086,0.252985,0.261008,0.268286,0.274932,0.281037,0.286679,0.291920,0.296812,0.301398,0.305715,0.309792,0.313657,0.317330,0.320830,0.324174,0.327375,0.330446,0.333396,0.336234,0.338967,0.341601,0.344143,0.346598,0.348866,1.007354,0.992623,0.977905,0.963199,0.948506,0.933829,0.919170,0.904531,0.889914,0.875323,0.860761,0.846232,0.831741,0.817295,0.802900,0.788566,0.774304,0.760128,0.746056,0.732112,0.718324,0.704736,0.691400,0.678393,0.665821,0.653836,0.642661,0.632625,0.624206,0.618040,0.614801,0.614918,0.618331,0.624558,0.632959,0.642955,0.654094,0.666055,0.678614,0.691614,0.704946,0.718533,0.732317,0.746260,0.760328,0.774500,0.788755,0.803082,0.817467,0.831904,0.846383,0.860900,0.875449,0.890026,0.904629,0.919254,0.933900,0.948564,0.963244,0.977939,0.992646
5.4000,-0.001134,0.001094,0.003410,0.005803,0.008278,0.010844,0.013510,0.016282,0.019171,0.022186,0.025337,0.028637,0.032101,0.035744,0.039586,0.043648,0.047956,0.052539,0.057434,0.062683,0.068337,0.074457,0.081118,0.088412,0.096450,0.105368,0.115322,0.126475,0.138955,0.152739,0.167504,0.182599,0.197257,0.210906,0.223291,0.234396,0.244327,0.253232,0.261259,0.268539,0.275185,0.281288,0.286924,0.292158,0.297042,0.301618,0.305924,0.309990,0.313841,0.317499,0.320983,0.324310,0.327493,0.330545,0.333476,0.336296,0.339011,0.341628,0.344155,0.346598,0.348866,1.007354,0.992623,0.977905,0.963200,0.948509,0.933833,0.919176,0.904539,0.889924,0.875336,0.860776,0.846250,0.831762,0.817319,0.802928,0.788598,0.774339,0.760167,0.746099,0.732158,0.718375,0.704791,0.691458,0.678454,0.665883,0.653898,0.642721,0.632680,0.624253,0.618076,0.614824,0.614926,0.618324,0.624536,0.632925,0.642911,0.654042,0.665999,0.678554,0.691554,0.704886,0.718474,0.732261,0.746206,0.760277,0.774452,0.788711,0.803041,0.817430,0.831870,0.846353,0.860874,0.875427,0.890008,0.904615,0.919244,0.933892,0.948559,0.963242,0.977939,0.992646
5.5000,-0.001134,0.001093,0.003411,0.005808,0.008289,0.010861,0.013533,0.016312,0.019207,0.022228,0.025385,0.028691,0.032160,0.035808,0.039655,0.043722,0.048034,0.052622,0.057520,0.062772,0.068427,0.074547,0.081208,0.088500,0.096535,0.105448,0.115396,0.126545,0.139019,0.152799,0.167563,0.182659,0.197317,0.210967,0.223351,0.234453,0.244380,0.253280,0.261302,0.268577,0.275218,0.281317,0.286951,0.292182,0.297063,0.301637,0.305940,0.310004,0.313853,0.317510,0.320993,0.324319,0.327501,0.330552,0.333483,0.336301,0.339015,0.341631,0.344156,0.346598,0.348866,1.007354,0.992622,0.977905,0.963201,0.948511,0.933836,0.919180,0.904544,0.889931,0.875344,0.860785,0.846261,0.831774,0.817333,0.802942,0.788614,0.774356,0.760185,0.746118,0.732179,0.718397,0.704812,0.691479,0.678474,0.665901,0.653913,0.642731,0.632684,0.624249,0.618064,0.614804,0.614900,0.618294,0.624506,0.632897,0.642885,0.654021,0.665981,0.678540,0.691542,0.704876,0.718466,0.732254,0.746200,0.760272,0.774448,0.788707,0.803038,0.817428,0.831868,0.846351,0.860872,0.875425,0.890007,0.904614,0.919243,0.933892,0.948559,0.963242,0.977939,0.992646
5.6000,-0.001134,0.001094,0.003410,0.005805,0.008282,0.010850,0.013518,0.016292,0.019183,0.022199,0.025351,0.028652,0.032116,0.035759,0.039600,0.043660,0.047966,0.052547,0.057439,0.062683,0.068331,0.074445,0.081099,0.088385,0.096416,0.105327,0.115274,0.126423,0.138900,0.152682,0.167448,0.182543,0.197200,0.210846,0.223224,0.234320,0.244241,0.253135,0.261151,0.268421,0.275057,0.281152,0.286783,0.292013,0.296895,0.301472,0.305780,0.309850,0.313707,0.317374,0.320869,0.324207,0.327403,0.330469,0.333414,0.336247,0.338976,0.341606,0.344145,0.346598,0.348866,1.007354,0.992623,0.977905,0.963200,0.948509,0.933834,0.919177,0.904541,0.889926,0.875338,0.860779,0.846253,0.831765,0.817322,0.802931,0.788600,0.774341,0.760168,0.746098,0.732156,0.718371,0.704783,0.691447,0.678439,0.665863,0.653873,0.642690,0.632644,0.624211,0.618031,0.614778,0.614882,0.618285,0.624505,0.632904,0.642899,0.654040,0.666005,0.678567,0.691572,0.704909,0.718501,0.732290,0.746237,0.760308,0.774483,0.788741,0.803070,0.817457,0.831895,0.846375,0.860894,0.875444,0.890022,0.904626,0.919252,0.933898,0.948563,0.963244,0.977939,0.992646
5.7000,-0.001134,0.001097,0.003409,0.005794,0.008259,0.010814,0.013467,0.016227,0.019102,0.022102,0.025239,0.028524,0.031972,0.035599,0.039424,0.043469,0.047759,0.052324,0.057201,0.062432,0.068067,0.074169,0.080813,0.088092,0.096119,0.105030,0.114980,0.126136,0.138621,0.152411,0.167182,0.182277,0.196928,0.210564,0.222931,0.234016,0.243926,0.252812,0.260823,0.268093,0.274733,0.280837,0.286481,0.291728,0.296628,0.301226,0.305555,0.309646,0.313525,0.317212,0.320727,0.324084,0.327298,0.330382,0.333345,0.336195,0.338939,0.341584,0.344136,0.346598,0.348866,1.007354,0.992623,0.977905,0.963199,0.948506,0.933829,0.919169,0.904529,0.889912,0.875321,0.860758,0.846229,0.831737,0.817290,0.802894,0.788559,0.774295,0.760118,0.746043,0.732096,0.718305,0.704712,0.691371,0.678359,0.665780,0.653789,0.642609,0.632569,0.624148,0.617984,0.614752,0.614880,0.618305,0.624547,0.632961,0.642969,0.654119,0.666090,0.678655,0.691660,0.704994,0.718582,0.732366,0.746306,0.760371,0.774539,0.788791,0.803113,0.817495,0.831928,0.846404,0.860917,0.875463,0.890038,0.904638,0.919261,0.933905,0.948566,0.963245,0.977939,0.992646
5.8000,-0.001134,0.001101,0.003407,0.005782,0.008232,0.010771,0.013407,0.016148,0.019004,0.021984,0.025099,0.028362,0.031788,0.035393,0.039195,0.043218,0.047487,0.052031,0.056888,0.062100,0.067719,0.073807,0.080440,0.087711,0.095734,0.104644,0.114599,0.125764,0.138260,0.152061,0.166839,0.181934,0.196576,0.210198,0.222549,0.233620,0.243523,0.252408,0.260424,0.267704,0.274360,0.280482,0.286146,0.291414,0.296337,0.300957,0.305308,0.309422,0.313323,0.317032,0.320568,0.323946,0.327181,0.330284,0.333265,0.336133,0.338895,0.341556,0.344123,0.346598,0.348866,1.007354,0.992624,0.977905,0.963197,0.948501,0.933821,0.919159,0.904516,0.889895,0.875299,0.860732,0.846198,0.831701,0.817248,0.802846,0.788505,0.774235,0.760050,0.745969,0.732014,0.718217,0.704618,0.691271,0.678254,0.665672,0.653681,0.642503,0.632472,0.624067,0.617927,0.614726,0.614889,0.618351,0.624622,0.633059,0.643080,0.654236,0.666207,0.678769,0.691768,0.705095,0.718674,0.732450,0.746382,0.760439,0.774600,0.788845,0.803161,0.817537,0.831964,0.846435,0.860944,0.875485,0.890056,0.904653,0.919272,0.933912,0.948571,0.963247,0.977939,0.992646
5.9000,-0.001134,0.001104,0.003406,0.005770,0.008208,0.010733,0.013353,0.016078,0.018917,0.021879,0.024976,0.028221,0.031628,0.035213,0.038996,0.042999,0.047247,0.051772,0.056609,0.061802,0.067404,0.073477,0.080099,0.087362,0.095382,0.104293,0.114255,0.125429,0.137938,0.151750,0.166535,0.181628,0.196264,0.209875,0.222216,0.233278,0.243175,0.252056,0.260073,0.267357,0.274019,0.280151,0.285828,0.291111,0.296051,0.300690,0.305063,0.309199,0.313122,0.316854,0.320413,0.323814,0.327070,0.330193,0.333194,0.336080,0.338858,0.341534,0.344113,0.346598,0.348866,1.007354,0.992624,0.977905,0.963195,0.948498,0.933815,0.919150,0.904504,0.889879,0.875280,0.860709,0.846171,0.831670,0.817212,0.802805,0.788458,0.774182,0.759991,0.745903,0.731942,0.718137,0.704531,0.691179,0.678157,0.665573,0.653582,0.642409,0.632389,0.624001,0.617885,0.614713,0.614907,0.618394,0.624686,0.633137,0.643168,0.654329,0.666303,0.678864,0.691861,0.705184,0.718759,0.732529,0.746456,0.760507,0.774662,0.788900,0.803210,0.817580,0.832001,0.846466,0.860970,0.875507,0.890073,0.904666,0.919282,0.933919,0.948575,0.963249,0.977939,0.992646
6.0000,-0.001134,0.001107,0.003405,0.005762,0.008191,0.010705,0.013315,0.016028,0.018856,0.021807,0.024893,0.028126,0.031522,0.035096,0.038868,0.042861,0.047100,0.051616,0.056445,0.061632,0.067227,0.073296,0.079914,0.087176,0.095196,0.104110,0.114076,0.125255,0.137770,0.151587,0.166374,0.181468,0.196100,0.209706,0.222042,0.233099,0.242992,0.251872,0.259889,0.267176,0.273842,0.279980,0.285664,0.290955,0.295904,0.300551,0.304932,0.309075,0.313007,0.316748,0.320316,0.323726,0.326993,0.330127,0.333139,0.336037,0.338827,0.341514,0.344104,0.346598,0.348866,1.007354,0.992625,0.977904,0.963194,0.948495,0.933811,0.919143,0.904495,0.889869,0.875267,0.860694,0.846153,0.831649,0.817189,0.802779,0.788430,0.774151,0.759957,0.745866,0.731902,0.718095,0.704487,0.691133,0.678110,0.665526,0.653537,0.642368,0.632353,0.623972,0.617868,0.614709,0.614916,0.618417,0.624718,0.633178,0.643214,0.654378,0.666352,0.678913,0.691908,0.705229,0.718801,0.732569,0.746492,0.760541,0.774692,0.788928,0.803236,0.817603,0.832023,0.846485,0.860987,0.875521,0.890085,0.904675,0.919289,0.933924,0.948578,0.963250,0.977939,0.992646
6.1000,-0.001134,0.001106,0.003405,0.005764,0.008194,0.010710,0.013321,0.016037,0.018867,0.021820,0.024907,0.028143,0.031540,0.035117,0.038891,0.042886,0.047127,0.051645,0.056477,0.061666,0.067265,0.073336,0.079957,0.087222,0.095244,0.104159,0.114124,0.125303,0.137817,0.151633,0.166419,0.181512,0.196145,0.209754,0.222092,0.233151,0.243046,0.251927,0.259945,0.267232,0.273899,0.280036,0.285719,0.291009,0.295956,0.300602,0.304981,0.309122,0.313051,0.316789,0.320352,0.323758,0.327019,0.330149,0.333156,0.336049,0.338835,0.341519,0.344107,0.346598,0.348866,1.007354,0.992625,0.977904,0.963194,0.948495,0.933812,0.919144,0.904497,0.889871,0.875270,0.860696,0.846156,0.831653,0.817193,0.802784,0.788435,0.774156,0.759963,0.745873,0.731910,0.718105,0.704498,0.691145,0.678124,0.665541,0.653553,0.642384,0.632368,0.623986,0.617879,0.614717,0.614921,0.618416,0.624714,0.633169,0.643203,0.654366,0.666339,0.678900,0.691895,0.705216,0.718788,0.732556,0.746480,0.760529,0.774681,0.788918,0.803226,0.817594,0.832014,0.846478,0.860981,0.875516,0.890082,0.904673,0.919287,0.933922,0.948577,0.963250,0.977939,0.992646
6.2000,-0.001134,0.001103,0.003406,0.005774,0.008216,0.010745,0.013370,0.016100,0.018945,0.021913,0.025016,0.028268,0.031681,0.035273,0.039063,0.043072,0.047328,0.051860,0.056704,0.061904,0.067512,0.073591,0.080218,0.087485,0.095507,0.104420,0.114380,0.125552,0.138057,0.151866,0.166648,0.181742,0.196380,0.209996,0.222342,0.233409,0.243308,0.252192,0.260210,0.267494,0.274155,0.280284,0.285958,0.291236,0.296171,0.300803,0.305167,0.309294,0.313208,0.316930,0.320478,0.323869,0.327115,0.330229,0.333221,0.336100,0.338872,0.341542,0.344117,0.346598,0.348866,1.007354,0.992624,0.977905,0.963196,0.948499,0.933817,0.919153,0.904508,0.889884,0.875286,0.860717,0.846180,0.831680,0.817225,0.802819,0.788474,0.774200,0.760011,0.745926,0.731967,0.718165,0.704562,0.691212,0.678192,0.665610,0.653620,0.642447,0.632423,0.624030,0.617907,0.614726,0.614908,0.618385,0.624668,0.633112,0.643138,0.654296,0.666268,0.678829,0.691825,0.705150,0.718726,0.732497,0.746426,0.760479,0.774635,0.788877,0.803189,0.817562,0.831985,0.846453,0.860959,0.875498,0.890066,0.904661,0.919278,0.933916,0.948574,0.963248,0.977939,0.992646
6.3000,-0.001134,0.001099,0.003408,0.005787,0.008244,0.010789,0.013432,0.016181,0.019045,0.022033,0.025157,0.028429,0.031864,0.035478,0.039290,0.043322,0.047599,0.052153,0.057018,0.062237,0.067863,0.073956,0.080595,0.087870,0.095894,0.104804,0.114756,0.125915,0.138405,0.152201,0.166976,0.182071,0.196717,0.210344,0.222700,0.233774,0.243677,0.252560,0.260572,0.267846,0.274495,0.280610,0.286266,0.291527,0.296442,0.301055,0.305400,0.309506,0.313399,0.317101,0.320629,0.324000,0.327228,0.330324,0.333298,0.336159,0.338914,0.341568,0.344129,0.346598,0.348866,1.007354,0.992623,0.977905,0.963198,0.948503,0.933824,0.919163,0.904521,0.889902,0.875308,0.860743,0.846211,0.831716,0.817266,0.802866,0.788527,0.774260,0.760078,0.745999,0.732048,0.718253,0.704657,0.691313,0.678298,0.665717,0.653726,0.642546,0.632509,0.624095,0.617943,0.614728,0.614877,0.618324,0.624584,0.633015,0.643033,0.654189,0.666162,0.678726,0.691728,0.705059,0.718642,0.732420,0.746355,0.760415,0.774578,0.788825,0.803144,0.817521,0.831951,0.846423,0.860934,0.875477,0.890049,0.904647,0.919268,0.933909,0.948569,0.963246,0.977939,0.992646
6.4000,-0.001134,0.001096,0.003410,0.005799,0.008270,0.010831,0.013491,0.016258,0.019140,0.022147,0.025291,0.028583,0.032038,0.035671,0.039503,0.043554,0.047850,0.052421,0.057302,0.062536,0.068174,0.074278,0.080924,0.088203,0.096230,0.105139,0.115088,0.126241,0.138723,0.152510,0.167279,0.182374,0.197027,0.210668,0.223039,0.234128,0.244042,0.252931,0.260943,0.268211,0.274847,0.280944,0.286581,0.291819,0.296710,0.301299,0.305620,0.309704,0.313576,0.317258,0.320767,0.324120,0.327330,0.330409,0.333367,0.336212,0.338951,0.341591,0.344138,0.346598,0.348866,1.007354,0.992623,0.977905,0.963200,0.948508,0.933831,0.919173,0.904535,0.889919,0.875329,0.860768,0.846240,0.831750,0.817305,0.802910,0.788577,0.774315,0.760139,0.746066,0.732120,0.718330,0.704739,0.691398,0.678386,0.665807,0.653816,0.642633,0.632591,0.624166,0.617996,0.614757,0.614877,0.618295,0.624528,0.632936,0.642939,0.654086,0.666055,0.678620,0.691626,0.704962,0.718553,0.732340,0.746283,0.760351,0.774522,0.788776,0.803101,0.817484,0.831919,0.846396,0.860910,0.875457,0.890033,0.904635,0.919258,0.933903,0.948565,0.963245,0.977939,0.992646
6.5000,-0.001134,0.001094,0.003410,0.005805,0.008281,0.010849,0.013516,0.016290,0.019181,0.022197,0.025349,0.028650,0.032114,0.035758,0.039600,0.043662,0.047970,0.052553,0.057447,0.062694,0.068345,0.074461,0.081118,0.088407,0.096440,0.105352,0.115300,0.126450,0.138927,0.152709,0.167475,0.182570,0.197227,0.210874,0.223254,0.234353,0.244276,0.253173,0.261192,0.268465,0.275105,0.281203,0.286838,0.292071,0.296956,0.301534,0.305841,0.309909,0.313764,0.317427,0.320917,0.324250,0.327441,0.330502,0.333441,0.336269,0.338992,0.341616,0.344150,0.346598,0.348866,1.007354,0.992623,0.977905,0.963200,0.948509,0.933834,0.919177,0.904540,0.889926,0.875338,0.860778,0.846253,0.831765,0.817322,0.802931,0.788601,0.774342,0.760170,0.746101,0.732160,0.718376,0.704790,0.691455,0.678448,0.665874,0.653885,0.642702,0.632657,0.624225,0.618045,0.614791,0.614894,0.618295,0.624513,0.632909,0.642902,0.654040,0.666003,0.678563,0.691566,0.704902,0.718492,0.732279,0.746225,0.760295,0.774470,0.788728,0.803057,0.817445,0.831884,0.846366,0.860885,0.875436,0.890016,0.904621,0.919248,0.933895,0.948561,0.963243,0.977939,0.992646
6.6000,-0.001134,0.001094,0.003410,0.005805,0.008281,0.010849,0.013516,0.016291,0.019181,0.022196,0.025348,0.028648,0.032112,0.035756,0.039598,0.043660,0.047969,0.052553,0.057449,0.062698,0.068353,0.074473,0.081135,0.088428,0.096466,0.105383,0.115336,0.126489,0.138967,0.152749,0.167515,0.182610,0.197267,0.210916,0.223301,0.234404,0.244334,0.253238,0.261264,0.268544,0.275190,0.281293,0.286931,0.292166,0.297051,0.301628,0.305934,0.309999,0.313850,0.317508,0.320992,0.324319,0.327502,0.330553,0.333484,0.336302,0.339016,0.341631,0.344157,0.346598,0.348866,1.007354,0.992623,0.977905,0.963200,0.948509,0.933834,0.919177,0.904540,0.889926,0.875338,0.860778,0.846253,0.831765,0.817322,0.802931,0.788600,0.774342,0.760170,0.746102,0.732162,0.718379,0.704795,0.691462,0.678458,0.665887,0.653902,0.642724,0.632682,0.624252,0.618073,0.614819,0.614920,0.618318,0.624531,0.632921,0.642909,0.654041,0.665999,0.678555,0.691554,0.704886,0.718474,0.732260,0.746205,0.760276,0.774450,0.788709,0.803039,0.817428,0.831869,0.846352,0.860872,0.875425,0.890007,0.904614,0.919243,0.933892,0.948559,0.963242,0.977939,0.992646
6.7000,-0.001134,0.001095,0.003410,0.005800,0.008271,0.010832,0.013493,0.016261,0.019144,0.022153,0.025299,0.028593,0.032051,0.035689,0.039525,0.043581,0.047883,0.052460,0.057349,0.062592,0.068240,0.074354,0.081010,0.088301,0.096337,0.105255,0.115210,0.126367,0.138851,0.152637,0.167405,0.182499,0.197154,0.210801,0.223182,0.234283,0.244211,0.253115,0.261141,0.268421,0.275067,0.281172,0.286811,0.292049,0.296936,0.301517,0.305828,0.309898,0.313755,0.317420,0.320912,0.324246,0.327438,0.330498,0.333438,0.336266,0.338990,0.341615,0.344149,0.346598,0.348866,1.007354,0.992623,0.977905,0.963200,0.948508,0.933832,0.919173,0.904535,0.889920,0.875330,0.860769,0.846242,0.831753,0.817309,0.802916,0.788584,0.774323,0.760149,0.746079,0.732136,0.718351,0.704763,0.691428,0.678422,0.665850,0.653865,0.642688,0.632651,0.624229,0.618059,0.614815,0.614926,0.618332,0.624551,0.632946,0.642935,0.654069,0.666027,0.678583,0.691582,0.704914,0.718501,0.732287,0.746231,0.760301,0.774474,0.788731,0.803060,0.817447,0.831886,0.846367,0.860886,0.875437,0.890017,0.904622,0.919249,0.933896,0.948561,0.963243,0.977939,0.992646
6.8000,-0.001134,0.001098,0.003409,0.005793,0.008256,0.010809,0.013461,0.016219,0.019092,0.022090,0.025224,0.028506,0.031952,0.035577,0.039401,0.043445,0.047734,0.052300,0.057178,0.062409,0.068046,0.074151,0.080798,0.088081,0.096111,0.105024,0.114976,0.126133,0.138619,0.152410,0.167181,0.182276,0.196926,0.210563,0.222932,0.234018,0.243932,0.252823,0.260839,0.268113,0.274757,0.280864,0.286510,0.291758,0.296659,0.301257,0.305586,0.309676,0.313554,0.317239,0.320752,0.324107,0.327320,0.330400,0.333359,0.336206,0.338947,0.341589,0.344138,0.346598,0.348866,1.007354,0.992623,0.977905,0.963199,0.948505,0.933828,0.919168,0.904528,0.889910,0.875319,0.860755,0.846225,0.831733,0.817286,0.802890,0.788554,0.774290,0.760112,0.746038,0.732091,0.718301,0.704710,0.691370,0.678360,0.665783,0.653794,0.642615,0.632577,0.624157,0.617995,0.614765,0.614895,0.618322,0.624562,0.632975,0.642980,0.654126,0.666093,0.678655,0.691658,0.704990,0.718577,0.732360,0.746300,0.760364,0.774532,0.788784,0.803107,0.817489,0.831922,0.846399,0.860913,0.875459,0.890035,0.904636,0.919259,0.933903,0.948566,0.963245,0.977939,0.992646
6.9000,-0.001134,0.001100,0.003408,0.005786,0.008242,0.010786,0.013428,0.016175,0.019036,0.022021,0.025142,0.028410,0.031841,0.035451,0.039258,0.043285,0.047557,0.052106,0.056965,0.062179,0.067799,0.073886,0.080518,0.087787,0.095806,0.104711,0.114661,0.125819,0.138311,0.152110,0.166887,0.181982,0.196625,0.210247,0.222598,0.233667,0.243565,0.252444,0.260454,0.267728,0.274377,0.280494,0.286155,0.291419,0.296339,0.300957,0.305307,0.309420,0.313320,0.317028,0.320564,0.323943,0.327178,0.330281,0.333263,0.336132,0.338895,0.341556,0.344123,0.346598,0.348866,1.007354,0.992623,0.977905,0.963198,0.948503,0.933824,0.919162,0.904520,0.889900,0.875306,0.860740,0.846207,0.831711,0.817260,0.802859,0.788519,0.774250,0.760066,0.745986,0.732032,0.718235,0.704636,0.691289,0.678270,0.665686,0.653691,0.642509,0.632471,0.624059,0.617912,0.614705,0.614864,0.618322,0.624592,0.633030,0.643055,0.654214,0.666190,0.678756,0.691758,0.705088,0.718670,0.732447,0.746380,0.760439,0.774600,0.788845,0.803162,0.817538,0.831965,0.846436,0.860945,0.875486,0.890057,0.904653,0.919272,0.933912,0.948571,0.963247,0.977939,0.992646
7.0000,-0.001134,0.001103,0.003406,0.005776,0.008220,0.010751,0.013378,0.016110,0.018957,0.021927,0.025031,0.028284,0.031698,0.035290,0.039079,0.043088,0.047342,0.051871,0.056713,0.061910,0.067514,0.073587,0.080208,0.087470,0.095485,0.104392,0.114347,0.125515,0.138018,0.151826,0.166609,0.181703,0.196340,0.209953,0.222294,0.233355,0.243249,0.252126,0.260137,0.267415,0.274071,0.280196,0.285867,0.291144,0.296078,0.300712,0.305080,0.309211,0.313130,0.316858,0.320414,0.323813,0.327068,0.330190,0.333191,0.336077,0.338856,0.341532,0.344112,0.346598,0.348866,1.007354,0.992624,0.977905,0.963196,0.948500,0.933818,0.919154,0.904509,0.889886,0.875289,0.860719,0.846183,0.831683,0.817228,0.802822,0.788477,0.774202,0.760013,0.745926,0.731967,0.718163,0.704558,0.691205,0.678182,0.665595,0.653601,0.642422,0.632395,0.623998,0.617873,0.614693,0.614880,0.618362,0.624651,0.633102,0.643135,0.654298,0.666275,0.678840,0.691840,0.705167,0.718744,0.732517,0.746446,0.760499,0.774655,0.788896,0.803207,0.817578,0.832000,0.846466,0.860970,0.875507,0.890074,0.904666,0.919282,0.933919,0.948575,0.963249,0.977939,0.992646
7.1000,-0.001134,0.001106,0.003405,0.005765,0.008197,0.010714,0.013326,0.016043,0.018874,0.021828,0.024917,0.028154,0.031553,0.035130,0.038906,0.042903,0.047146,0.051666,0.056500,0.061690,0.067290,0.073363,0.079984,0.087249,0.095271,0.104187,0.114152,0.125332,0.137845,0.151660,0.166446,0.181539,0.196173,0.209782,0.222121,0.233182,0.243079,0.251962,0.259981,0.267269,0.273936,0.280074,0.285757,0.291045,0.295990,0.300634,0.305010,0.309149,0.313077,0.316812,0.320375,0.323779,0.327040,0.330167,0.333172,0.336063,0.338845,0.341525,0.344109,0.346598,0.348866,1.007354,0.992625,0.977904,0.963194,0.948496,0.933812,0.919145,0.904498,0.889872,0.875271,0.860698,0.846158,0.831655,0.817196,0.802787,0.788438,0.774160,0.759968,0.745879,0.731917,0.718111,0.704505,0.691152,0.678131,0.665549,0.653561,0.642392,0.632376,0.623994,0.617886,0.614722,0.614923,0.618417,0.624713,0.633167,0.643199,0.654360,0.666332,0.678892,0.691886,0.705207,0.718779,0.732547,0.746472,0.760521,0.774674,0.788912,0.803221,0.817589,0.832010,0.846474,0.860976,0.875512,0.890078,0.904670,0.919285,0.933921,0.948576,0.963249,0.977939,0.992646
7.2000,-0.001134,0.001107,0.003405,0.005763,0.008193,0.010708,0.013319,0.016034,0.018862,0.021815,0.024902,0.028137,0.031534,0.035111,0.038887,0.042883,0.047126,0.051647,0.056482,0.061674,0.067277,0.073352,0.079978,0.087247,0.095273,0.104192,0.114161,0.125342,0.137857,0.151672,0.166458,0.181551,0.196185,0.209796,0.222137,0.233201,0.243101,0.251988,0.260011,0.267302,0.273972,0.280112,0.285798,0.291089,0.296037,0.300681,0.305057,0.309195,0.313119,0.316851,0.320410,0.323810,0.327066,0.330189,0.333190,0.336077,0.338855,0.341532,0.344112,0.346598,0.348866,1.007354,0.992625,0.977904,0.963194,0.948495,0.933811,0.919144,0.904496,0.889870,0.875269,0.860695,0.846155,0.831652,0.817192,0.802783,0.788434,0.774156,0.759964,0.745875,0.731914,0.718110,0.704505,0.691154,0.678135,0.665555,0.653570,0.642404,0.632391,0.624011,0.617904,0.614741,0.614940,0.618432,0.624725,0.633176,0.643204,0.654362,0.666332,0.678889,0.691882,0.705201,0.718772,0.732539,0.746463,0.760511,0.774664,0.788901,0.803211,0.817580,0.832002,0.846467,0.860971,0.875507,0.890074,0.904666,0.919282,0.933919,0.948575,0.963249,0.977939,0.992646
7.3000,-0.001134,0.001104,0.003406,0.005773,0.008214,0.010742,0.013366,0.016096,0.018939,0.021907,0.025010,0.028261,0.031674,0.035266,0.039055,0.043064,0.047319,0.051850,0.056693,0.061892,0.067499,0.073577,0.080203,0.087470,0.095492,0.104405,0.114367,0.125539,0.138045,0.151854,0.166636,0.181730,0.196368,0.209984,0.222330,0.233397,0.243297,0.252182,0.260200,0.267483,0.274144,0.280273,0.285945,0.291222,0.296154,0.300785,0.305149,0.309274,0.313188,0.316910,0.320460,0.323852,0.327101,0.330218,0.333213,0.336093,0.338867,0.341539,0.344115,0.346598,0.348866,1.007354,0.992624,0.977905,0.963195,0.948499,0.933817,0.919152,0.904507,0.889883,0.875285,0.860715,0.846179,0.831679,0.817223,0.802818,0.788472,0.774198,0.760009,0.745923,0.731964,0.718162,0.704558,0.691207,0.678188,0.665606,0.653616,0.642443,0.632421,0.624028,0.617906,0.614726,0.614910,0.618387,0.624669,0.633114,0.643140,0.654297,0.666268,0.678829,0.691826,0.705150,0.718727,0.732499,0.746428,0.760482,0.774639,0.788880,0.803193,0.817566,0.831989,0.846457,0.860962,0.875501,0.890069,0.904662,0.919279,0.933917,0.948574,0.963248,0.977939,0.992646
7.4000,-0.001134,0.001099,0.003408,0.005786,0.008243,0.010788,0.013431,0.016180,0.019043,0.022031,0.025154,0.028426,0.031859,0.035471,0.039280,0.043308,0.047583,0.052132,0.056994,0.062209,0.067831,0.073920,0.080553,0.087823,0.095842,0.104747,0.114695,0.125852,0.138341,0.152138,0.166914,0.182009,0.196652,0.210276,0.222627,0.233695,0.243592,0.252469,0.260477,0.267749,0.274395,0.280509,0.286166,0.291428,0.296346,0.300962,0.305312,0.309423,0.313322,0.317031,0.320566,0.323945,0.327181,0.330285,0.333267,0.336136,0.338898,0.341559,0.344125,0.346598,0.348866,1.007354,0.992623,0.977905,0.963198,0.948503,0.933824,0.919163,0.904521,0.889902,0.875308,0.860742,0.846210,0.831715,0.817264,0.802864,0.788525,0.774256,0.760073,0.745993,0.732040,0.718244,0.704646,0.691299,0.678281,0.665697,0.653702,0.642518,0.632479,0.624063,0.617911,0.614700,0.614854,0.618310,0.624578,0.633017,0.643042,0.654203,0.666179,0.678746,0.691750,0.705082,0.718665,0.732443,0.746378,0.760437,0.774598,0.788844,0.803161,0.817537,0.831965,0.846435,0.860944,0.875486,0.890056,0.904652,0.919272,0.933912,0.948571,0.963247,0.977939,0.992646
7.5000,-0.001134,0.001096,0.003409,0.005797,0.008266,0.010825,0.013482,0.016246,0.019124,0.022128,0.025267,0.028555,0.032005,0.035634,0.039460,0.043506,0.047796,0.052360,0.057236,0.062464,0.068096,0.074195,0.080836,0.088111,0.096133,0.105039,0.114986,0.126138,0.138622,0.152411,0.167182,0.182277,0.196928,0.210563,0.222927,0.234009,0.243916,0.252799,0.260809,0.268076,0.274715,0.280817,0.286459,0.291703,0.296603,0.301199,0.305528,0.309619,0.313499,0.317188,0.320705,0.324066,0.327283,0.330370,0.333335,0.336188,0.338934,0.341581,0.344134,0.346598,0.348866,1.007354,0.992623,0.977905,0.963199,0.948507,0.933830,0.919171,0.904533,0.889916,0.875325,0.860763,0.846235,0.831744,0.817297,0.802901,0.788567,0.774302,0.760125,0.746049,0.732101,0.718309,0.704715,0.691372,0.678358,0.665776,0.653782,0.642598,0.632554,0.624130,0.617965,0.614732,0.614861,0.618290,0.624534,0.632953,0.642964,0.654116,0.666089,0.678655,0.691661,0.704997,0.718585,0.732370,0.746311,0.760376,0.774544,0.788796,0.803119,0.817501,0.831933,0.846408,0.860921,0.875466,0.890041,0.904640,0.919263,0.933905,0.948567,0.963245,0.977939,0.992646
7.6000,-0.001134,0.001095,0.003410,0.005800,0.008271,0.010832,0.013493,0.016260,0.019143,0.022151,0.025295,0.028589,0.032046,0.035682,0.039516,0.043570,0.047870,0.052446,0.057332,0.062573,0.068218,0.074331,0.080985,0.088274,0.096309,0.105224,0.115177,0.126331,0.138813,0.152599,0.167367,0.182461,0.197116,0.210760,0.223137,0.234233,0.244156,0.253054,0.261075,0.268351,0.274994,0.281096,0.286734,0.291971,0.296860,0.301442,0.305756,0.309830,0.313691,0.317361,0.320859,0.324200,0.327398,0.330465,0.333412,0.336246,0.338976,0.341606,0.344145,0.346598,0.348866,1.007354,0.992623,0.977905,0.963200,0.948508,0.933832,0.919173,0.904535,0.889919,0.875329,0.860768,0.846241,0.831752,0.817307,0.802913,0.788581,0.774320,0.760145,0.746074,0.732131,0.718344,0.704756,0.691420,0.678413,0.665839,0.653853,0.642674,0.632634,0.624209,0.618037,0.614792,0.614905,0.618314,0.624539,0.632940,0.642934,0.654073,0.666035,0.678594,0.691596,0.704929,0.718518,0.732304,0.746248,0.760317,0.774490,0.788747,0.803074,0.817461,0.831898,0.846377,0.860895,0.875445,0.890023,0.904626,0.919252,0.933898,0.948563,0.963243,0.977939,0.992646
7.7000,-0.001134,0.001096,0.003410,0.005799,0.008268,0.010828,0.013488,0.016254,0.019136,0.022144,0.025289,0.028583,0.032041,0.035679,0.039516,0.043573,0.047877,0.052458,0.057350,0.062597,0.068250,0.074369,0.081030,0.088325,0.096366,0.105287,0.115244,0.126401,0.138884,0.152670,0.167437,0.182531,0.197187,0.210835,0.223219,0.234322,0.244253,0.253158,0.261186,0.268469,0.275117,0.281223,0.286865,0.292104,0.296992,0.301574,0.305884,0.309954,0.313810,0.317472,0.320959,0.324290,0.327476,0.330531,0.333465,0.336287,0.339005,0.341624,0.344153,0.346598,0.348866,1.007354,0.992623,0.977905,0.963199,0.948507,0.933831,0.919172,0.904534,0.889918,0.875328,0.860767,0.846240,0.831751,0.817307,0.802914,0.788582,0.774322,0.760149,0.746080,0.732139,0.718355,0.704770,0.691438,0.678434,0.665864,0.653882,0.642708,0.632671,0.624248,0.618077,0.614830,0.614937,0.618339,0.624555,0.632947,0.642933,0.654065,0.666022,0.678576,0.691575,0.704905,0.718492,0.732277,0.746220,0.760289,0.774462,0.788720,0.803049,0.817437,0.831876,0.846358,0.860878,0.875430,0.890011,0.904617,0.919245,0.933893,0.948560,0.963242,0.977939,0.992646
7.8000,-0.001134,0.001095,0.003410,0.005800,0.008271,0.010833,0.013494,0.016262,0.019146,0.022155,0.025300,0.028594,0.032051,0.035686,0.039520,0.043574,0.047873,0.052449,0.057336,0.062576,0.068222,0.074335,0.080990,0.088280,0.096317,0.105235,0.115190,0.126348,0.138831,0.152618,0.167387,0.182481,0.197136,0.210781,0.223160,0.234260,0.244188,0.253091,0.261118,0.268401,0.275049,0.281156,0.286798,0.292038,0.296929,0.301513,0.305826,0.309899,0.313757,0.317423,0.320915,0.324249,0.327440,0.330499,0.333438,0.336266,0.338989,0.341614,0.344149,0.346598,0.348866,1.007354,0.992623,0.977905,0.963200,0.948508,0.933832,0.919173,0.904535,0.889920,0.875330,0.860769,0.846242,0.831753,0.817308,0.802914,0.788582,0.774320,0.760146,0.746075,0.732131,0.718345,0.704757,0.691421,0.678415,0.665843,0.653858,0.642682,0.632645,0.624223,0.618054,0.614812,0.614926,0.618335,0.624557,0.632954,0.642944,0.654079,0.666037,0.678592,0.691590,0.704921,0.718507,0.732292,0.746234,0.760303,0.774475,0.788732,0.803060,0.817447,0.831885,0.846366,0.860885,0.875437,0.890017,0.904622,0.919249,0.933896,0.948562,0.963243,0.977939,0.992646
7.9000,-0.001134,0.001096,0.003409,0.005796,0.008264,0.010821,0.013477,0.016240,0.019119,0.022122,0.025262,0.028550,0.032001,0.035631,0.039459,0.043506,0.047799,0.052367,0.057246,0.062479,0.068117,0.074221,0.080868,0.088149,0.096177,0.105087,0.115037,0.126191,0.138674,0.152463,0.167233,0.182328,0.196980,0.210618,0.222987,0.234074,0.243987,0.252876,0.260890,0.268161,0.274802,0.280906,0.286548,0.291792,0.296690,0.301284,0.305611,0.309699,0.313575,0.317258,0.320769,0.324121,0.327331,0.330409,0.333366,0.336211,0.338951,0.341591,0.344138,0.346598,0.348866,1.007354,0.992623,0.977905,0.963199,0.948507,0.933830,0.919171,0.904532,0.889915,0.875324,0.860762,0.846234,0.831743,0.817297,0.802901,0.788567,0.774304,0.760127,0.746053,0.732107,0.718317,0.704725,0.691385,0.678374,0.665796,0.653806,0.642624,0.632583,0.624160,0.617993,0.614758,0.614882,0.618305,0.624543,0.632955,0.642961,0.654108,0.666076,0.678639,0.691644,0.704978,0.718566,0.732350,0.746291,0.760357,0.774526,0.788779,0.803102,0.817485,0.831919,0.846395,0.860910,0.875457,0.890033,0.904635,0.919258,0.933903,0.948565,0.963245,0.977939,0.992646
8.0000,-0.001134,0.001099,0.003408,0.005789,0.008247,0.010795,0.013440,0.016192,0.019058,0.022049,0.025176,0.028451,0.031889,0.035505,0.039319,0.043353,0.047632,0.052186,0.057052,0.062272,0.067897,0.073990,0.080626,0.087898,0.095920,0.104827,0.114776,0.125932,0.138420,0.152215,0.166989,0.182084,0.196730,0.210358,0.222714,0.233787,0.243687,0.252565,0.260573,0.267841,0.274484,0.280594,0.286245,0.291502,0.296414,0.301024,0.305367,0.309472,0.313365,0.317067,0.320597,0.323970,0.327200,0.330299,0.333277,0.336143,0.338902,0.341561,0.344125,0.346598,0.348866,1.007354,0.992623,0.977905,0.963198,0.948504,0.933825,0.919164,0.904523,0.889904,0.875311,0.860746,0.846215,0.831721,0.817271,0.802872,0.788534,0.774267,0.760085,0.746007,0.732056,0.718261,0.704664,0.691319,0.678303,0.665720,0.653726,0.642544,0.632504,0.624087,0.617932,0.614714,0.614860,0.618305,0.624565,0.632996,0.643017,0.654175,0.666151,0.678718,0.691724,0.705057,0.718642,0.732422,0.746359,0.760420,0.774584,0.788832,0.803150,0.817528,0.831957,0.846429,0.860939,0.875482,0.890054,0.904651,0.919271,0.933911,0.948570,0.963247,0.977939,0.992646
8.1000,-0.001134,0.001102,0.003407,0.005779,0.008226,0.010761,0.013393,0.016131,0.018982,0.021958,0.025069,0.028328,0.031749,0.035348,0.039145,0.043161,0.047423,0.051960,0.056809,0.062013,0.067623,0.073702,0.080328,0.087592,0.095610,0.104516,0.114470,0.125635,0.138134,0.151939,0.166719,0.181813,0.196453,0.210070,0.222415,0.233479,0.243374,0.252253,0.260265,0.267543,0.274199,0.280324,0.285993,0.291268,0.296198,0.300827,0.305188,0.309313,0.313224,0.316944,0.320491,0.323881,0.327126,0.330238,0.333229,0.336106,0.338876,0.341544,0.344117,0.346598,0.348866,1.007354,0.992624,0.977905,0.963196,0.948501,0.933820,0.919156,0.904513,0.889891,0.875295,0.860726,0.846191,0.831693,0.817239,0.802836,0.788493,0.774221,0.760034,0.745950,0.731992,0.718191,0.704589,0.691238,0.678217,0.665632,0.653638,0.642458,0.632427,0.624025,0.617892,0.614702,0.614878,0.618350,0.624632,0.633078,0.643108,0.654270,0.666245,0.678809,0.691810,0.705136,0.718714,0.732488,0.746417,0.760472,0.774630,0.788872,0.803185,0.817558,0.831982,0.846450,0.860957,0.875496,0.890065,0.904659,0.919277,0.933915,0.948573,0.963248,0.977939,0.992646
