s_m,x_m,y_m,z_m,tx,ty,tz,supported
0.000000,0.089350,0.337616,-0.038907,-0.072478,-0.988954,-0.129296,1
0.010009,0.089227,0.327863,-0.041150,0.042383,-0.951925,-0.303386,1
0.020018,0.090194,0.318654,-0.044950,0.144983,-0.884827,-0.442788,1
0.030027,0.092118,0.310217,-0.049980,0.233654,-0.801358,-0.550665,1
0.040036,0.094858,0.302658,-0.055942,0.308411,-0.711855,-0.630988,1
0.050044,0.098278,0.295998,-0.062584,0.370590,-0.623332,-0.688564,1
0.060052,0.102263,0.290202,-0.069702,0.422089,-0.540157,-0.728060,1
0.070059,0.106716,0.285200,-0.077138,0.464897,-0.464805,-0.753543,1
0.080066,0.111560,0.280907,-0.084770,0.500842,-0.398504,-0.768343,1
0.090072,0.116733,0.277230,-0.092506,0.531501,-0.341705,-0.775077,1
0.100078,0.122191,0.274072,-0.100274,0.558159,-0.294427,-0.775739,1
0.110083,0.127899,0.271340,-0.108024,0.581824,-0.256473,-0.771818,1
0.120088,0.133832,0.268941,-0.115715,0.603249,-0.227568,-0.764397,1
0.130093,0.139968,0.266787,-0.123317,0.622965,-0.207432,-0.754246,1
0.140097,0.146295,0.264791,-0.130805,0.641291,-0.195825,-0.741888,1
0.150100,0.152798,0.262869,-0.138160,0.658358,-0.192573,-0.727654,1
0.160104,0.159466,0.260938,-0.145363,0.674115,-0.197557,-0.711716,1
0.170106,0.166284,0.258917,-0.152397,0.688331,-0.210702,-0.694122,1
0.180109,0.173235,0.256724,-0.159247,0.700588,-0.231947,-0.674816,1
0.190111,0.180297,0.254278,-0.165895,0.710278,-0.261221,-0.653658,1
0.200112,0.187440,0.251500,-0.172320,0.716604,-0.298386,-0.630433,1
0.210113,0.194626,0.248311,-0.178501,0.718573,-0.343186,-0.604877,1
0.220114,0.201807,0.244638,-0.184414,0.715009,-0.395193,-0.576702,1
0.230114,0.208920,0.240411,-0.190030,0.704582,-0.453725,-0.545617,1
0.240113,0.215889,0.235569,-0.195319,0.685851,-0.517788,-0.511375,1
0.250112,0.222625,0.230064,-0.200249,0.657341,-0.586002,-0.473819,1
0.260111,0.229022,0.223862,-0.204785,0.617652,-0.656566,-0.432929,1
0.270109,0.234962,0.216950,-0.208896,0.565579,-0.727245,-0.388889,1
0.280106,0.240316,0.209339,-0.212551,0.500276,-0.795404,-0.342136,1
0.290104,0.244950,0.201069,-0.215727,0.421406,-0.858100,-0.293396,1
0.300100,0.248728,0.192211,-0.218408,0.329285,-0.912237,-0.243710,1
0.310097,0.251522,0.182864,-0.220591,0.224983,-0.954768,-0.194422,1
0.320094,0.253217,0.173159,-0.222287,0.110353,-0.982942,-0.147128,1
0.330090,0.253723,0.163253,-0.223526,-0.012014,-0.994547,-0.103596,1
0.340086,0.252978,0.153319,-0.224354,-0.138933,-0.988123,-0.065648,1
0.350083,0.250952,0.143542,-0.224835,-0.266835,-0.963105,-0.035049,1
0.360079,0.247655,0.134107,-0.225053,-0.392042,-0.919843,-0.013815,1
0.370077,0.243131,0.125192,-0.225111,-0.510984,-0.859584,-0.003162,1
0.380075,0.237460,0.116958,-0.225116,-0.620211,-0.784435,-0.000191,1
0.390073,0.230756,0.109540,-0.225115,-0.716831,-0.697247,0.000088,1
0.400073,0.223155,0.103043,-0.225114,-0.799197,-0.601069,0.000037,1
0.410072,0.214804,0.097543,-0.225114,-0.866702,-0.498826,0.000001,1
0.420072,0.205853,0.093085,-0.225114,-0.919384,-0.393362,-0.000010,1
0.430072,0.196447,0.089688,-0.225114,-0.957863,-0.287225,-0.000012,1
0.440073,0.186724,0.087349,-0.225114,-0.983182,-0.182628,-0.000012,1
0.450073,0.176809,0.086041,-0.225115,-0.996687,-0.081336,-0.000006,1
0.460074,0.166813,0.085724,-0.225115,-0.999880,0.015478,0.000000,1
0.470075,0.156832,0.086350,-0.225115,-0.994245,0.107127,0.000001,1
0.480076,0.146946,0.087865,-0.225115,-0.981141,0.193291,0.000000,1
0.490077,0.137225,0.090213,-0.225115,-0.961758,0.273899,-0.000001,1
0.500078,0.127725,0.093339,-0.225115,-0.937101,0.349057,0.000001,1
0.510079,0.118495,0.097189,-0.225115,-0.907983,0.419008,0.000000,1
0.520081,0.109576,0.101714,-0.225115,-0.875034,0.484061,-0.000001,1
0.530082,0.101003,0.106865,-0.225115,-0.838713,0.544573,0.000000,1
0.540083,0.092810,0.112600,-0.225115,-0.799328,0.600895,0.000000,1
0.550084,0.085025,0.118878,-0.225115,-0.757053,0.653354,0.000000,1
0.560084,0.077676,0.125661,-0.225115,-0.711943,0.702237,0.000000,1
0.570085,0.070792,0.132916,-0.225115,-0.663963,0.747765,0.000000,1
0.580086,0.064403,0.140609,-0.225115,-0.613003,0.790081,0.000000,1
0.590087,0.058538,0.148710,-0.225115,-0.558906,0.829231,0.000000,1
0.600087,0.053230,0.157185,-0.225115,-0.501480,0.865169,-0.000001,1
0.610087,0.048514,0.166004,-0.225115,-0.440519,0.897743,-0.000001,1
0.620088,0.044425,0.175130,-0.225115,-0.375854,0.926679,0.000001,1
0.630088,0.041002,0.184526,-0.225115,-0.307389,0.951584,0.000001,1
0.640088,0.038282,0.194149,-0.225115,-0.235141,0.971961,0.000001,1
0.650087,0.036302,0.203950,-0.225115,-0.159280,0.987233,0.000001,1
0.660087,0.035099,0.213877,-0.225115,-0.080156,0.996782,0.000000,1
0.670086,0.034701,0.223869,-0.225115,0.001658,0.999999,-0.000001,1
0.680086,0.035132,0.233859,-0.225115,0.085399,0.996347,0.000001,1
0.690085,0.036407,0.243776,-0.225115,0.170163,0.985416,0.000000,1
0.700084,0.038532,0.253547,-0.225115,0.254922,0.966962,-0.000001,1
0.710083,0.041500,0.263096,-0.225115,0.338554,0.940947,0.000001,1
0.720082,0.045295,0.272346,-0.225115,0.419920,0.907561,0.000001,1
0.730082,0.049890,0.281228,-0.225115,0.497924,0.867221,-0.000001,1
0.740081,0.055244,0.289673,-0.225115,0.571578,0.820548,-0.000001,1
0.750080,0.061310,0.297622,-0.225115,0.640027,0.768353,0.000000,1
0.760079,0.068032,0.305025,-0.225115,0.702573,0.711612,0.000000,1
0.770079,0.075348,0.311841,-0.225115,0.758729,0.651406,-0.000001,1
0.780079,0.083193,0.318042,-0.225115,0.808230,0.588867,-0.000018,1
0.790078,0.091500,0.323609,-0.225115,0.851010,0.525149,-0.000048,1
0.800078,0.100201,0.328537,-0.225116,0.887127,0.461525,0.000322,1
0.810078,0.109231,0.332834,-0.225109,0.916516,0.399983,0.003346,1
0.820078,0.118521,0.336532,-0.225049,0.939515,0.342336,0.010819,1
0.830078,0.128013,0.339677,-0.224892,0.956992,0.289278,0.022015,1
0.840079,0.137655,0.342316,-0.224609,0.969804,0.241233,0.035872,1
0.850079,0.147404,0.344501,-0.224175,0.978720,0.198602,0.051611,1
0.860079,0.157225,0.346287,-0.223577,0.984468,0.161661,0.068473,1
0.870079,0.167090,0.347733,-0.222806,0.987722,0.130599,0.085722,1
0.880080,0.176977,0.348899,-0.221862,0.989103,0.105551,0.102638,1
0.890080,0.186871,0.349844,-0.220753,0.989150,0.087067,0.118330,1
