s_m,x_m,y_m,z_m,part
-0.020000,0.092002,0.357429,-0.038290,0
-0.010000,0.090668,0.347523,-0.038580,0
0.000000,0.089320,0.337620,-0.038885,1
0.010000,0.087439,0.328072,-0.041195,1
0.020000,0.085166,0.319226,-0.045273,1
0.030000,0.082607,0.311316,-0.050836,1
0.040000,0.079850,0.304464,-0.057582,1
0.050000,0.076960,0.298691,-0.065222,1
0.060000,0.073995,0.293937,-0.073509,1
0.070000,0.071011,0.290087,-0.082244,1
0.080000,0.068071,0.286989,-0.091288,1
0.090000,0.065256,0.284480,-0.100551,1
0.100000,0.062666,0.282397,-0.109983,1
0.110000,0.060425,0.280599,-0.119561,1
0.120000,0.058679,0.278965,-0.129270,1
0.130000,0.057587,0.277411,-0.139086,1
0.140000,0.057317,0.275879,-0.148962,1
0.150000,0.058027,0.274344,-0.158814,1
0.160000,0.059849,0.272800,-0.168521,1
0.170000,0.062875,0.271257,-0.177922,1
0.180000,0.067139,0.269726,-0.186831,1
0.190000,0.072616,0.268217,-0.195055,1
0.200000,0.079214,0.266722,-0.202414,1
0.210000,0.086787,0.265217,-0.208762,1
0.220000,0.095151,0.263652,-0.214008,1
0.230000,0.104102,0.261961,-0.218125,1
0.240000,0.113438,0.260055,-0.221151,1
0.250000,0.122971,0.257836,-0.223186,1
0.260000,0.132540,0.255200,-0.224386,1
0.270000,0.142009,0.252043,-0.224945,1
0.280000,0.151265,0.248270,-0.225107,1
0.290000,0.160211,0.243807,-0.225118,1
0.300000,0.168748,0.238604,-0.225113,1
0.310000,0.176764,0.232629,-0.225108,1
0.320000,0.184135,0.225874,-0.225107,1
0.330000,0.190728,0.218358,-0.225107,1
0.340000,0.196408,0.210131,-0.225108,1
0.350000,0.201043,0.201273,-0.225108,1
0.360000,0.204509,0.191895,-0.225109,1
0.370000,0.206703,0.182142,-0.225110,1
0.380000,0.207545,0.172180,-0.225110,1
0.390000,0.206987,0.162198,-0.225111,1
0.400000,0.205018,0.152397,-0.225111,1
0.410000,0.201666,0.142978,-0.225112,1
0.420000,0.196995,0.134138,-0.225112,1
0.430000,0.191106,0.126058,-0.225113,1
0.440000,0.184131,0.118895,-0.225113,1
0.450000,0.176222,0.112777,-0.225114,1
0.460000,0.167548,0.107803,-0.225114,1
0.470000,0.158286,0.104036,-0.225114,1
0.480000,0.148610,0.101510,-0.225114,1
0.490000,0.138693,0.100231,-0.225114,1
0.500000,0.128693,0.100178,-0.225115,1
0.510000,0.118758,0.101313,-0.225115,1
0.520000,0.109018,0.103580,-0.225115,1
0.530000,0.099590,0.106914,-0.225115,1
0.540000,0.090573,0.111239,-0.225115,1
0.550000,0.082054,0.116476,-0.225115,1
0.560000,0.074103,0.122543,-0.225115,1
0.570000,0.066782,0.129355,-0.225115,1
0.580000,0.060137,0.136828,-0.225115,1
0.590000,0.054201,0.144877,-0.225115,1
0.600000,0.049002,0.153419,-0.225115,1
0.610000,0.044556,0.162377,-0.225115,1
0.620000,0.040876,0.171676,-0.225115,1
0.630000,0.037969,0.181245,-0.225115,1
0.640000,0.035841,0.191016,-0.225115,1
0.650000,0.034494,0.200925,-0.225115,1
0.660000,0.033928,0.210909,-0.225115,1
0.670000,0.034140,0.220907,-0.225115,1
0.680000,0.035128,0.230858,-0.225115,1
0.690000,0.036885,0.240703,-0.225115,1
0.700000,0.039404,0.250380,-0.225115,1
0.710000,0.042670,0.259831,-0.225115,1
0.720000,0.046668,0.268997,-0.225114,1
0.730000,0.051372,0.277821,-0.225114,1
0.740000,0.056753,0.286249,-0.225114,1
0.750000,0.062777,0.294231,-0.225114,1
0.760000,0.069401,0.301722,-0.225114,1
0.770000,0.076578,0.308684,-0.225114,1
0.780000,0.084260,0.315086,-0.225114,1
0.790000,0.092392,0.320905,-0.225115,1
0.800000,0.100921,0.326127,-0.225116,1
0.810000,0.109789,0.330747,-0.225111,1
0.820000,0.118937,0.334786,-0.225057,1
0.830000,0.128308,0.338275,-0.224910,1
0.840000,0.137852,0.341247,-0.224633,1
0.850000,0.147526,0.343742,-0.224202,1
0.860000,0.157293,0.345803,-0.223602,1
0.870000,0.167122,0.347476,-0.222824,1
0.880000,0.176988,0.348806,-0.221872,1
0.890000,0.186871,0.349842,-0.220754,1
0.900000,0.196760,0.350640,-0.219496,2
0.910000,0.206645,0.351415,-0.218197,2
0.920000,0.216530,0.352189,-0.216897,2
0.930000,0.226414,0.352964,-0.215598,2
