t,n000_x,n001_x,n002_x,n003_x,n004_x,n005_x,n006_x,n007_x,n008_x,n009_x,n010_x,n011_x,n012_x,n013_x,n014_x,n015_x,n016_x,n017_x,n018_x,n019_x,n020_x,n021_x,n022_x,n023_x,n024_x,n025_x,n026_x,n027_x,n028_x,n029_x,n030_x,n031_x,n032_x,n033_x,n034_x,n035_x,n036_x,n037_x,n038_x,n039_x,n040_x,n041_x,n042_x,n043_x,n044_x,n045_x,n046_x,n047_x,n048_x,n049_x,n050_x,n051_x,n052_x,n053_x,n054_x,n055_x,n056_x,n057_x,n058_x,n059_x,n060_x,n061_x,n062_x,n063_x,n064_x,n065_x,n066_x,n067_x,n068_x,n069_x,n070_x,n071_x,n072_x,n073_x,n074_x,n075_x,n076_x,n077_x,n078_x,n079_x,n080_x,n081_x,n082_x,n083_x,n084_x,n085_x,n086_x,n087_x,n088_x,n089_x,n090_x,n091_x,n092_x,n093_x,n094_x,n095_x,n096_x,n097_x,n098_x,n099_x,n100_x,n101_x,n102_x,n103_x,n104_x,n105_x,n106_x,n107_x,n108_x,n109_x,n110_x,n111_x,n112_x,n113_x,n114_x,n115_x,n116_x,n117_x,n118_x,n119_x,n120_x,n121_x,n122_x,n123_x,n124_x,n125_x,n126_x,n127_x,n128_x,n129_x,n130_x,n131_x,n132_x,n133_x,n134_x,n135_x,n136_x,n137_x,n138_x,n139_x,n140_x,n141_x,n142_x,n143_x,n144_x,n145_x,n146_x,n147_x,n148_x,n149_x,n150_x,n000_z,n001_z,n002_z,n003_z,n004_z,n005_z,n006_z,n007_z,n008_z,n009_z,n010_z,n011_z,n012_z,n013_z,n014_z,n015_z,n016_z,n017_z,n018_z,n019_z,n020_z,n021_z,n022_z,n023_z,n024_z,n025_z,n026_z,n027_z,n028_z,n029_z,n030_z,n031_z,n032_z,n033_z,n034_z,n035_z,n036_z,n037_z,n038_z,n039_z,n040_z,n041_z,n042_z,n043_z,n044_z,n045_z,n046_z,n047_z,n048_z,n049_z,n050_z,n051_z,n052_z,n053_z,n054_z,n055_z,n056_z,n057_z,n058_z,n059_z,n060_z,n061_z,n062_z,n063_z,n064_z,n065_z,n066_z,n067_z,n068_z,n069_z,n070_z,n071_z,n072_z,n073_z,n074_z,n075_z,n076_z,n077_z,n078_z,n079_z,n080_z,n081_z,n082_z,n083_z,n084_z,n085_z,n086_z,n087_z,n088_z,n089_z,n090_z,n091_z,n092_z,n093_z,n094_z,n095_z,n096_z,n097_z,n098_z,n099_z,n100_z,n101_z,n102_z,n103_z,n104_z,n105_z,n106_z,n107_z,n108_z,n109_z,n110_z,n111_z,n112_z,n113_z,n114_z,n115_z,n116_z,n117_z,n118_z,n119_z,n120_z,n121_z,n122_z,n123_z,n124_z,n125_z,n126_z,n127_z,n128_z,n129_z,n130_z,n131_z,n132_z,n133_z,n134_z,n135_z,n136_z,n137_z,n138_z,n139_z,n140_z,n141_z,n142_z,n143_z,n144_z,n145_z,n146_z,n147_z,n148_z,n149_z,n150_z
0.0000,-0.000453,0.000439,0.001358,0.002307,0.003288,0.004303,0.005353,0.006443,0.007574,0.008750,0.009975,0.011252,0.012587,0.013984,0.015450,0.016991,0.018615,0.020331,0.022149,0.024082,0.026145,0.028353,0.030728,0.033294,0.036080,0.039121,0.042458,0.046140,0.050222,0.054758,0.059785,0.065291,0.071166,0.077193,0.083108,0.088693,0.093828,0.098485,0.102686,0.106479,0.109913,0.113039,0.115899,0.118528,0.120959,0.123216,0.125320,0.127291,0.129143,0.130888,0.132539,0.134104,0.135591,0.137008,0.138361,0.139655,0.140895,0.142085,0.143229,0.144331,0.145393,0.146418,0.147408,0.148236,0.149675,0.150192,0.151098,0.152027,0.152977,0.153952,0.154951,0.155976,0.157029,0.158111,0.159223,0.160368,0.161546,0.162761,0.164015,0.165309,0.166648,0.168032,0.169467,0.170955,0.172501,0.174108,0.175782,0.177529,0.179354,0.181265,0.183269,0.185375,0.187594,0.189937,0.192417,0.195049,0.197851,0.200842,0.204045,0.207485,0.211190,0.215189,0.219512,0.224184,0.229217,0.234603,0.240296,0.246207,0.252204,0.258141,0.263887,0.269345,0.274463,0.279224,0.283636,0.287720,0.291503,0.295014,0.298281,0.301330,0.304183,0.306862,0.309384,0.311764,0.314017,0.316154,0.318186,0.320122,0.321971,0.323739,0.325433,0.327058,0.328621,0.330125,0.331574,0.332972,0.334323,0.335630,0.336894,0.338120,0.339309,0.340462,0.341584,0.342674,0.343734,0.344767,0.345774,0.346755,0.347712,0.348646,0.349549,1.002942,0.997055,0.991173,0.985295,0.979422,0.973555,0.967695,0.961841,0.955995,0.950159,0.944332,0.938516,0.932714,0.926926,0.921154,0.915403,0.909674,0.903972,0.898301,0.892668,0.887081,0.881550,0.876087,0.870709,0.865440,0.860311,0.855364,0.850661,0.846286,0.842362,0.839062,0.836604,0.835221,0.835071,0.836161,0.838349,0.841421,0.845163,0.849400,0.854002,0.858873,0.863946,0.869172,0.874516,0.879953,0.885464,0.891035,0.896654,0.902313,0.908006,0.913727,0.919472,0.925238,0.931021,0.936819,0.942631,0.948454,0.954288,0.960131,0.965983,0.971841,0.977706,0.983578,0.988593,1.002128,0.998685,0.992800,0.986919,0.981042,0.975168,0.969298,0.963433,0.957573,0.951718,0.945869,0.940026,0.934190,0.928361,0.922540,0.916729,0.910927,0.905136,0.899357,0.893592,0.887842,0.882109,0.876394,0.870702,0.865034,0.859394,0.853787,0.848217,0.842691,0.837215,0.831800,0.826457,0.821200,0.816048,0.811022,0.806153,0.801480,0.797050,0.792929,0.789198,0.785959,0.783332,0.781443,0.780407,0.780293,0.781106,0.782784,0.785225,0.788303,0.791901,0.795914,0.800257,0.804862,0.809676,0.814657,0.819774,0.825002,0.830321,0.835716,0.841174,0.846686,0.852244,0.857841,0.863472,0.869132,0.874818,0.880526,0.886254,0.892000,0.897761,0.903536,0.909323,0.915122,0.920931,0.926749,0.932576,0.938410,0.944251,0.950099,0.955952,0.961811,0.967675,0.973543,0.979415,0.985292,0.991172,0.997057
0.1000,-0.000453,0.000439,0.001366,0.002324,0.003311,0.004331,0.005385,0.006477,0.007611,0.008791,0.010018,0.011299,0.012636,0.014036,0.015504,0.017047,0.018672,0.020389,0.022207,0.024139,0.026200,0.028405,0.030775,0.033335,0.036113,0.039144,0.042471,0.046143,0.050215,0.054743,0.059766,0.065271,0.071149,0.077182,0.083101,0.088687,0.093819,0.098469,0.102658,0.106437,0.109856,0.112965,0.115809,0.118423,0.120840,0.123085,0.125179,0.127142,0.128988,0.130730,0.132380,0.133946,0.135438,0.136861,0.138222,0.139527,0.140779,0.141983,0.143142,0.144259,0.145337,0.146380,0.147390,0.148236,0.149675,0.150192,0.151110,0.152055,0.153022,0.154011,0.155023,0.156061,0.157125,0.158216,0.159337,0.160488,0.161671,0.162890,0.164145,0.165440,0.166777,0.168159,0.169590,0.171072,0.172611,0.174210,0.175874,0.177609,0.179420,0.181316,0.183304,0.185394,0.187596,0.189924,0.192391,0.195013,0.197808,0.200796,0.203999,0.207442,0.211153,0.215159,0.219491,0.224170,0.229211,0.234603,0.240302,0.246218,0.252220,0.258164,0.263916,0.269380,0.274505,0.279272,0.283690,0.287780,0.291569,0.295085,0.298355,0.301404,0.304253,0.306923,0.309431,0.311793,0.314023,0.316135,0.318140,0.320050,0.321873,0.323619,0.325293,0.326903,0.328452,0.329946,0.331389,0.332784,0.334134,0.335441,0.336710,0.337942,0.339140,0.340305,0.341440,0.342546,0.343624,0.344676,0.345703,0.346707,0.347688,0.348646,0.349549,1.002942,0.997037,0.991137,0.985241,0.979351,0.973467,0.967589,0.961719,0.955856,0.950003,0.944160,0.938329,0.932510,0.926708,0.920922,0.915157,0.909414,0.903700,0.898016,0.892371,0.886772,0.881228,0.875753,0.870363,0.865080,0.859938,0.854975,0.850256,0.845864,0.841925,0.838608,0.836138,0.834747,0.834595,0.835690,0.837890,0.840977,0.844738,0.848996,0.853619,0.858510,0.863603,0.868847,0.874210,0.879665,0.885193,0.890780,0.896415,0.902090,0.907798,0.913534,0.919294,0.925073,0.930871,0.936684,0.942511,0.948349,0.954197,0.960055,0.965922,0.971795,0.977676,0.983562,0.988593,1.002128,0.998657,0.992747,0.986841,0.980939,0.975040,0.969146,0.963257,0.957372,0.951493,0.945619,0.939752,0.933892,0.928040,0.922196,0.916361,0.910536,0.904723,0.898921,0.893134,0.887361,0.881606,0.875870,0.870156,0.864466,0.858804,0.853175,0.847583,0.842035,0.836539,0.831104,0.825744,0.820470,0.815304,0.810266,0.805389,0.800709,0.796276,0.792153,0.788423,0.785184,0.782557,0.780668,0.779631,0.779515,0.780327,0.782005,0.784446,0.787527,0.791130,0.795148,0.799497,0.804109,0.808932,0.813924,0.819055,0.824298,0.829637,0.835053,0.840535,0.846073,0.851657,0.857281,0.862940,0.868626,0.874339,0.880073,0.885826,0.891597,0.897382,0.903181,0.908993,0.914816,0.920649,0.926490,0.932341,0.938198,0.944063,0.949934,0.955811,0.961693,0.967581,0.973472,0.979368,0.985268,0.991172,0.997057
0.2000,-0.000453,0.000440,0.001366,0.002322,0.003307,0.004324,0.005375,0.006464,0.007593,0.008767,0.009989,0.011263,0.012593,0.013985,0.015444,0.016977,0.018592,0.020298,0.022106,0.024028,0.026078,0.028275,0.030638,0.033193,0.035969,0.039001,0.042331,0.046008,0.050088,0.054624,0.059655,0.065165,0.071046,0.077079,0.082996,0.088579,0.093710,0.098360,0.102553,0.106335,0.109760,0.112876,0.115726,0.118348,0.120771,0.123023,0.125124,0.127093,0.128945,0.130693,0.132348,0.133919,0.135415,0.136842,0.138207,0.139515,0.140769,0.141975,0.143136,0.144255,0.145334,0.146379,0.147389,0.148236,0.149675,0.150191,0.151111,0.152058,0.153028,0.154022,0.155039,0.156081,0.157151,0.158248,0.159376,0.160535,0.161728,0.162955,0.164220,0.165524,0.166872,0.168265,0.169706,0.171201,0.172751,0.174363,0.176041,0.177791,0.179618,0.181530,0.183533,0.185638,0.187854,0.190191,0.192663,0.195284,0.198072,0.201045,0.204228,0.207644,0.211325,0.215299,0.219597,0.224248,0.229265,0.234641,0.240331,0.246244,0.252247,0.258192,0.263942,0.269398,0.274507,0.279250,0.283637,0.287689,0.291436,0.294909,0.298138,0.301149,0.303967,0.306614,0.309106,0.311461,0.313691,0.315809,0.317825,0.319749,0.321588,0.323350,0.325041,0.326667,0.328232,0.329742,0.331200,0.332610,0.333975,0.335298,0.336581,0.337828,0.339040,0.340219,0.341368,0.342486,0.343577,0.344640,0.345678,0.346692,0.347682,0.348646,0.349549,1.002942,0.997037,0.991137,0.985242,0.979351,0.973467,0.967588,0.961717,0.955853,0.949999,0.944155,0.938323,0.932503,0.926699,0.920911,0.915143,0.909398,0.903680,0.897993,0.892345,0.886742,0.881195,0.875716,0.870324,0.865040,0.859898,0.854938,0.850223,0.845837,0.841907,0.838602,0.836145,0.834766,0.834626,0.835729,0.837934,0.841023,0.844784,0.849038,0.853658,0.858545,0.863634,0.868874,0.874234,0.879685,0.885211,0.890795,0.896428,0.902101,0.907807,0.913541,0.919300,0.925079,0.930876,0.936688,0.942513,0.948351,0.954199,0.960056,0.965923,0.971796,0.977676,0.983562,0.988593,1.002128,0.998656,0.992745,0.986839,0.980936,0.975037,0.969143,0.963253,0.957369,0.951490,0.945617,0.939751,0.933891,0.928040,0.922197,0.916364,0.910540,0.904729,0.898929,0.893144,0.887374,0.881622,0.875889,0.870178,0.864492,0.858836,0.853211,0.847625,0.842081,0.836589,0.831156,0.825794,0.820516,0.815341,0.810291,0.805395,0.800691,0.796229,0.792072,0.788304,0.785027,0.782364,0.780445,0.779386,0.779258,0.780070,0.781759,0.784221,0.787329,0.790964,0.795017,0.799402,0.804048,0.808902,0.813921,0.819074,0.824335,0.829685,0.835109,0.840595,0.846133,0.851716,0.857337,0.862991,0.868673,0.874382,0.880111,0.885861,0.891628,0.897410,0.903206,0.909015,0.914835,0.920665,0.926505,0.932353,0.938208,0.944071,0.949940,0.955816,0.961697,0.967583,0.973474,0.979369,0.985269,0.991172,0.997057
0.3000,-0.000453,0.000442,0.001365,0.002315,0.003292,0.004300,0.005340,0.006418,0.007536,0.008699,0.009910,0.011173,0.012494,0.013877,0.015328,0.016855,0.018465,0.020168,0.021974,0.023896,0.025948,0.028148,0.030517,0.033078,0.035861,0.038901,0.042239,0.045925,0.050012,0.054555,0.059590,0.065104,0.070986,0.077018,0.082935,0.088518,0.093651,0.098304,0.102501,0.106289,0.109720,0.112842,0.115700,0.118328,0.120758,0.123015,0.125121,0.127094,0.128949,0.130698,0.132355,0.133926,0.135422,0.136849,0.138213,0.139520,0.140774,0.141979,0.143139,0.144257,0.145336,0.146379,0.147389,0.148236,0.149675,0.150189,0.151112,0.152064,0.153041,0.154043,0.155068,0.156120,0.157199,0.158306,0.159442,0.160610,0.161811,0.163046,0.164318,0.165628,0.166981,0.168378,0.169822,0.171317,0.172868,0.174477,0.176150,0.177893,0.179712,0.181613,0.183604,0.185695,0.187895,0.190216,0.192671,0.195276,0.198048,0.201008,0.204178,0.207585,0.211258,0.215228,0.219525,0.224176,0.229195,0.234574,0.240266,0.246181,0.252185,0.258128,0.263875,0.269328,0.274434,0.279174,0.283558,0.287608,0.291354,0.294825,0.298051,0.301060,0.303874,0.306516,0.309005,0.311355,0.313582,0.315697,0.317711,0.319633,0.321471,0.323233,0.324925,0.326552,0.328119,0.329632,0.331093,0.332507,0.333877,0.335206,0.336496,0.337749,0.338969,0.340156,0.341313,0.342440,0.343539,0.344611,0.345658,0.346679,0.347676,0.348646,0.349549,1.002942,0.997037,0.991137,0.985241,0.979349,0.973463,0.967582,0.961709,0.955844,0.949987,0.944141,0.938306,0.932484,0.926678,0.920888,0.915119,0.909372,0.903653,0.897966,0.892318,0.886715,0.881170,0.875693,0.870304,0.865024,0.859886,0.854932,0.850223,0.845845,0.841922,0.838625,0.836175,0.834802,0.834666,0.835770,0.837974,0.841060,0.844816,0.849067,0.853682,0.858564,0.863649,0.868886,0.874242,0.879691,0.885214,0.890797,0.896428,0.902100,0.907806,0.913540,0.919298,0.925077,0.930874,0.936686,0.942512,0.948350,0.954198,0.960056,0.965922,0.971796,0.977676,0.983562,0.988593,1.002128,0.998656,0.992745,0.986840,0.980938,0.975041,0.969148,0.963260,0.957377,0.951500,0.945628,0.939764,0.933906,0.928057,0.922215,0.916383,0.910561,0.904750,0.898951,0.893166,0.887396,0.881643,0.875909,0.870197,0.864508,0.858848,0.853219,0.847627,0.842077,0.836578,0.831137,0.825768,0.820482,0.815299,0.810241,0.805338,0.800628,0.796162,0.792003,0.788236,0.784961,0.782304,0.780392,0.779342,0.779225,0.780046,0.781744,0.784213,0.787327,0.790965,0.795021,0.799407,0.804055,0.808910,0.813931,0.819086,0.824348,0.829701,0.835126,0.840614,0.846153,0.851738,0.857359,0.863014,0.868697,0.874405,0.880134,0.885884,0.891650,0.897432,0.903227,0.909035,0.914853,0.920683,0.926521,0.932367,0.938221,0.944083,0.949950,0.955824,0.961703,0.967588,0.973477,0.979371,0.985269,0.991172,0.997057
0.4000,-0.000453,0.000440,0.001366,0.002322,0.003308,0.004325,0.005376,0.006465,0.007596,0.008770,0.009993,0.011267,0.012598,0.013991,0.015450,0.016984,0.018600,0.020307,0.022114,0.024036,0.026086,0.028281,0.030642,0.033194,0.035966,0.038994,0.042319,0.045993,0.050069,0.054602,0.059630,0.065140,0.071021,0.077054,0.082971,0.088553,0.093681,0.098327,0.102514,0.106291,0.109710,0.112820,0.115665,0.118282,0.120703,0.122952,0.125052,0.127021,0.128874,0.130623,0.132281,0.133855,0.135355,0.136787,0.138157,0.139470,0.140731,0.141943,0.143110,0.144235,0.145321,0.146370,0.147386,0.148236,0.149675,0.150193,0.151110,0.152051,0.153013,0.153998,0.155005,0.156037,0.157096,0.158183,0.159301,0.160449,0.161632,0.162849,0.164105,0.165401,0.166739,0.168124,0.169557,0.171043,0.172586,0.174189,0.175859,0.177600,0.179418,0.181320,0.183315,0.185411,0.187618,0.189947,0.192413,0.195030,0.197815,0.200790,0.203976,0.207399,0.211088,0.215073,0.219385,0.224049,0.229078,0.234464,0.240161,0.246077,0.252081,0.258023,0.263770,0.269226,0.274336,0.279084,0.283479,0.287543,0.291304,0.294792,0.298035,0.301060,0.303890,0.306547,0.309050,0.311415,0.313655,0.315782,0.317808,0.319740,0.321588,0.323357,0.325055,0.326687,0.328258,0.329772,0.331233,0.332645,0.334011,0.335334,0.336617,0.337863,0.339073,0.340249,0.341394,0.342509,0.343596,0.344655,0.345689,0.346699,0.347685,0.348646,0.349549,1.002942,0.997037,0.991137,0.985241,0.979351,0.973467,0.967588,0.961717,0.955854,0.950000,0.944156,0.938323,0.932504,0.926700,0.920912,0.915145,0.909399,0.903682,0.897995,0.892346,0.886743,0.881196,0.875716,0.870323,0.865037,0.859892,0.854929,0.850211,0.845822,0.841888,0.838579,0.836120,0.834740,0.834601,0.835707,0.837915,0.841009,0.844774,0.849034,0.853658,0.858549,0.863642,0.868885,0.874247,0.879699,0.885226,0.890810,0.896444,0.902116,0.907822,0.913556,0.919313,0.925091,0.930887,0.936697,0.942522,0.948358,0.954205,0.960061,0.965926,0.971798,0.977678,0.983563,0.988593,1.002128,0.998657,0.992745,0.986838,0.980934,0.975034,0.969138,0.963246,0.957360,0.951479,0.945604,0.939736,0.933875,0.928022,0.922177,0.916341,0.910516,0.904702,0.898901,0.893113,0.887341,0.881587,0.875851,0.870138,0.864450,0.858790,0.853162,0.847572,0.842025,0.836530,0.831094,0.825730,0.820451,0.815277,0.810228,0.805337,0.800640,0.796188,0.792044,0.788292,0.785034,0.782392,0.780494,0.779455,0.779345,0.780169,0.781866,0.784330,0.787435,0.791063,0.795107,0.799481,0.804116,0.808959,0.813969,0.819115,0.824369,0.829714,0.835133,0.840614,0.846148,0.851728,0.857345,0.862997,0.868677,0.874382,0.880110,0.885858,0.891623,0.897405,0.903200,0.909008,0.914828,0.920658,0.926498,0.932346,0.938202,0.944066,0.949936,0.955812,0.961693,0.967580,0.973472,0.979368,0.985268,0.991172,0.997057
0.5000,-0.000453,0.000440,0.001366,0.002320,0.003304,0.004319,0.005368,0.006455,0.007583,0.008756,0.009977,0.011252,0.012583,0.013976,0.015438,0.016975,0.018595,0.020306,0.022121,0.024049,0.026107,0.028311,0.030682,0.033244,0.036026,0.039063,0.042396,0.046077,0.050157,0.054694,0.059723,0.065232,0.071112,0.077144,0.083062,0.088648,0.093783,0.098437,0.102634,0.106421,0.109849,0.112968,0.115820,0.118443,0.120868,0.123119,0.125219,0.127186,0.129035,0.130780,0.132430,0.133996,0.135486,0.136907,0.138265,0.139565,0.140813,0.142011,0.143165,0.144276,0.145350,0.146388,0.147393,0.148236,0.149675,0.150194,0.151110,0.152046,0.153003,0.153980,0.154979,0.156003,0.157053,0.158131,0.159238,0.160377,0.161548,0.162754,0.163998,0.165281,0.166607,0.167978,0.169398,0.170871,0.172400,0.173990,0.175646,0.177375,0.179181,0.181073,0.183059,0.185148,0.187351,0.189679,0.192147,0.194769,0.197564,0.200551,0.203752,0.207192,0.210899,0.214903,0.219233,0.223912,0.228954,0.234349,0.240051,0.245969,0.251972,0.257914,0.263661,0.269119,0.274234,0.278991,0.283397,0.287474,0.291250,0.294754,0.298016,0.301060,0.303910,0.306585,0.309103,0.311480,0.313729,0.315861,0.317889,0.319820,0.321664,0.323429,0.325120,0.326745,0.328308,0.329815,0.331269,0.332674,0.334035,0.335353,0.336632,0.337873,0.339080,0.340254,0.341398,0.342511,0.343597,0.344655,0.345689,0.346698,0.347685,0.348646,0.349549,1.002942,0.997037,0.991137,0.985241,0.979351,0.973466,0.967587,0.961715,0.955852,0.949997,0.944153,0.938321,0.932501,0.926697,0.920910,0.915143,0.909399,0.903683,0.897998,0.892352,0.886752,0.881208,0.875732,0.870344,0.865063,0.859924,0.854966,0.850253,0.845869,0.841939,0.838632,0.836172,0.834789,0.834643,0.835740,0.837938,0.841021,0.844776,0.849027,0.853643,0.858527,0.863614,0.868854,0.874213,0.879664,0.885189,0.890774,0.896408,0.902081,0.907789,0.913524,0.919284,0.925065,0.930863,0.936676,0.942504,0.948343,0.954193,0.960052,0.965919,0.971794,0.977675,0.983562,0.988593,1.002128,0.998657,0.992745,0.986837,0.980932,0.975031,0.969133,0.963241,0.957352,0.951470,0.945593,0.939723,0.933860,0.928004,0.922157,0.916319,0.910490,0.904674,0.898869,0.893078,0.887302,0.881544,0.875805,0.870088,0.864396,0.858732,0.853101,0.847509,0.841960,0.836464,0.831029,0.825668,0.820394,0.815226,0.810187,0.805308,0.800625,0.796190,0.792064,0.788333,0.785094,0.782471,0.780589,0.779563,0.779460,0.780286,0.781980,0.784437,0.787534,0.791151,0.795182,0.799544,0.804167,0.808999,0.813997,0.819131,0.824375,0.829711,0.835123,0.840600,0.846130,0.851708,0.857324,0.862976,0.868657,0.874365,0.880094,0.885844,0.891611,0.897395,0.903192,0.909002,0.914823,0.920654,0.926495,0.932344,0.938201,0.944065,0.949935,0.955811,0.961693,0.967580,0.973472,0.979368,0.985268,0.991172,0.997057
0.6000,-0.000453,0.000440,0.001366,0.002323,0.003310,0.004328,0.005381,0.006472,0.007605,0.008783,0.010009,0.011288,0.012624,0.014022,0.015489,0.017030,0.018654,0.020369,0.022187,0.024118,0.026179,0.028385,0.030757,0.033319,0.036101,0.039137,0.042469,0.046147,0.050226,0.054760,0.059787,0.065294,0.071172,0.077204,0.083124,0.088711,0.093848,0.098503,0.102700,0.106487,0.109914,0.113031,0.115881,0.118501,0.120923,0.123170,0.125267,0.127230,0.129075,0.130816,0.132463,0.134025,0.135512,0.136930,0.138285,0.139582,0.140827,0.142023,0.143174,0.144283,0.145354,0.146391,0.147394,0.148236,0.149675,0.150194,0.151110,0.152047,0.153005,0.153984,0.154985,0.156011,0.157063,0.158143,0.159252,0.160392,0.161566,0.162774,0.164019,0.165303,0.166630,0.168001,0.169421,0.170892,0.172420,0.174007,0.175660,0.177384,0.179186,0.181072,0.183050,0.185131,0.187325,0.189643,0.192101,0.194713,0.197497,0.200475,0.203668,0.207103,0.210806,0.214809,0.219139,0.223820,0.228866,0.234265,0.239971,0.245891,0.251894,0.257834,0.263578,0.269033,0.274147,0.278904,0.283314,0.287397,0.291181,0.294694,0.297963,0.301013,0.303867,0.306544,0.309062,0.311438,0.313685,0.315815,0.317840,0.319769,0.321612,0.323376,0.325068,0.326694,0.328260,0.329768,0.331225,0.332633,0.333997,0.335318,0.336600,0.337845,0.339055,0.340232,0.341379,0.342495,0.343584,0.344646,0.345682,0.346694,0.347683,0.348646,0.349549,1.002942,0.997037,0.991137,0.985242,0.979352,0.973467,0.967589,0.961718,0.955855,0.950002,0.944159,0.938327,0.932509,0.926706,0.920920,0.915155,0.909412,0.903697,0.898013,0.892368,0.886768,0.881225,0.875750,0.870362,0.865081,0.859941,0.854983,0.850269,0.845883,0.841949,0.838639,0.836174,0.834786,0.834635,0.835727,0.837921,0.841002,0.844756,0.849006,0.853622,0.858507,0.863596,0.868836,0.874197,0.879649,0.885176,0.890762,0.896397,0.902072,0.907781,0.913517,0.919278,0.925059,0.930858,0.936673,0.942501,0.948340,0.954190,0.960050,0.965918,0.971793,0.977674,0.983561,0.988593,1.002128,0.998657,0.992745,0.986837,0.980933,0.975032,0.969135,0.963242,0.957354,0.951473,0.945596,0.939727,0.933863,0.928008,0.922161,0.916323,0.910495,0.904679,0.898874,0.893083,0.887307,0.881548,0.875808,0.870090,0.864396,0.858731,0.853097,0.847502,0.841950,0.836450,0.831010,0.825644,0.820364,0.815192,0.810148,0.805264,0.800578,0.796141,0.792016,0.788287,0.785054,0.782440,0.780570,0.779557,0.779468,0.780307,0.782011,0.784475,0.787574,0.791190,0.795217,0.799574,0.804190,0.809016,0.814009,0.819139,0.824381,0.829717,0.835128,0.840606,0.846137,0.851715,0.857333,0.862986,0.868667,0.874375,0.880104,0.885854,0.891620,0.897404,0.903200,0.909009,0.914829,0.920660,0.926500,0.932349,0.938205,0.944068,0.949938,0.955814,0.961695,0.967582,0.973473,0.979368,0.985268,0.991172,0.997057
0.7000,-0.000453,0.000439,0.001366,0.002325,0.003313,0.004334,0.005390,0.006484,0.007619,0.008799,0.010027,0.011308,0.012645,0.014044,0.015510,0.017051,0.018674,0.020387,0.022202,0.024131,0.026187,0.028389,0.030756,0.033312,0.036089,0.039120,0.042447,0.046121,0.050196,0.054727,0.059752,0.065259,0.071138,0.077171,0.083089,0.088675,0.093808,0.098459,0.102651,0.106432,0.109854,0.112966,0.115812,0.118429,0.120847,0.123093,0.125189,0.127152,0.128999,0.130742,0.132392,0.133958,0.135449,0.136872,0.138233,0.139536,0.140787,0.141990,0.143147,0.144263,0.145340,0.146382,0.147390,0.148236,0.149675,0.150194,0.151110,0.152049,0.153009,0.153990,0.154994,0.156022,0.157077,0.158160,0.159273,0.160417,0.161594,0.162805,0.164055,0.165344,0.166675,0.168052,0.169477,0.170954,0.172487,0.174081,0.175741,0.177471,0.179279,0.181171,0.183155,0.185240,0.187437,0.189757,0.192213,0.194822,0.197601,0.200569,0.203751,0.207172,0.210861,0.214848,0.219163,0.223832,0.228867,0.234260,0.239962,0.245881,0.251885,0.257824,0.263567,0.269016,0.274120,0.278864,0.283256,0.287319,0.291081,0.294572,0.297822,0.300857,0.303699,0.306369,0.308884,0.311261,0.313512,0.315650,0.317684,0.319623,0.321477,0.323253,0.324956,0.326592,0.328168,0.329686,0.331152,0.332568,0.333939,0.335267,0.336556,0.337806,0.339022,0.340205,0.341356,0.342477,0.343569,0.344635,0.345674,0.346690,0.347681,0.348646,0.349549,1.002942,0.997037,0.991137,0.985242,0.979352,0.973468,0.967590,0.961720,0.955858,0.950005,0.944162,0.938331,0.932513,0.926710,0.920924,0.915159,0.909415,0.903700,0.898015,0.892369,0.886768,0.881223,0.875746,0.870355,0.865072,0.859929,0.854967,0.850249,0.845860,0.841923,0.838611,0.836145,0.834758,0.834609,0.835705,0.837905,0.840991,0.844751,0.849006,0.853626,0.858516,0.863607,0.868850,0.874212,0.879665,0.885193,0.890779,0.896414,0.902089,0.907797,0.913532,0.919292,0.925072,0.930870,0.936683,0.942510,0.948348,0.954197,0.960055,0.965921,0.971795,0.977676,0.983562,0.988593,1.002128,0.998657,0.992745,0.986837,0.980933,0.975033,0.969136,0.963244,0.957357,0.951475,0.945599,0.939730,0.933868,0.928014,0.922167,0.916331,0.910503,0.904688,0.898884,0.893095,0.887320,0.881563,0.875825,0.870109,0.864417,0.858754,0.853122,0.847528,0.841977,0.836478,0.831038,0.825670,0.820388,0.815210,0.810159,0.805266,0.800568,0.796117,0.791977,0.788231,0.784982,0.782353,0.780470,0.779449,0.779356,0.780198,0.781910,0.784386,0.787500,0.791135,0.795181,0.799557,0.804191,0.809031,0.814037,0.819177,0.824425,0.829763,0.835176,0.840653,0.846183,0.851758,0.857373,0.863022,0.868699,0.874404,0.880130,0.885877,0.891641,0.897421,0.903215,0.909023,0.914841,0.920670,0.926509,0.932356,0.938211,0.944073,0.949942,0.955817,0.961698,0.967584,0.973474,0.979369,0.985269,0.991172,0.997057
0.8000,-0.000453,0.000441,0.001366,0.002318,0.003298,0.004309,0.005354,0.006436,0.007560,0.008728,0.009944,0.011214,0.012540,0.013928,0.015385,0.016918,0.018533,0.020240,0.022051,0.023976,0.026031,0.028232,0.030601,0.033162,0.035943,0.038980,0.042316,0.045997,0.050080,0.054619,0.059651,0.065162,0.071043,0.077075,0.082993,0.088577,0.093710,0.098362,0.102558,0.106344,0.109772,0.112891,0.115745,0.118370,0.120796,0.123050,0.125153,0.127123,0.128976,0.130723,0.132378,0.133948,0.135442,0.136867,0.138230,0.139535,0.140787,0.141990,0.143148,0.144264,0.145341,0.146382,0.147391,0.148236,0.149675,0.150192,0.151111,0.152054,0.153019,0.154007,0.155017,0.156053,0.157116,0.158206,0.159326,0.160478,0.161662,0.162881,0.164137,0.165433,0.166770,0.168152,0.169582,0.171064,0.172602,0.174199,0.175861,0.177594,0.179403,0.181295,0.183278,0.185362,0.187555,0.189871,0.192322,0.194924,0.197694,0.200653,0.203824,0.207233,0.210910,0.214885,0.219189,0.223848,0.228876,0.234262,0.239960,0.245878,0.251882,0.257823,0.263564,0.269010,0.274108,0.278842,0.283222,0.287269,0.291015,0.294489,0.297721,0.300738,0.303562,0.306216,0.308718,0.311083,0.313325,0.315455,0.317485,0.319424,0.321279,0.323057,0.324765,0.326408,0.327991,0.329518,0.330993,0.332420,0.333802,0.335141,0.336441,0.337704,0.338932,0.340126,0.341289,0.342421,0.343525,0.344601,0.345651,0.346676,0.347675,0.348646,0.349549,1.002942,0.997037,0.991137,0.985241,0.979350,0.973464,0.967584,0.961712,0.955847,0.949992,0.944147,0.938314,0.932493,0.926688,0.920899,0.915132,0.909386,0.903669,0.897983,0.892336,0.886734,0.881189,0.875713,0.870324,0.865043,0.859903,0.854947,0.850235,0.845853,0.841926,0.838623,0.836167,0.834789,0.834648,0.835749,0.837951,0.841037,0.844794,0.849046,0.853663,0.858548,0.863634,0.868873,0.874231,0.879681,0.885206,0.890789,0.896422,0.902094,0.907801,0.913535,0.919294,0.925074,0.930871,0.936683,0.942510,0.948348,0.954196,0.960054,0.965921,0.971795,0.977676,0.983562,0.988593,1.002128,0.998657,0.992745,0.986838,0.980935,0.975035,0.969140,0.963249,0.957363,0.951483,0.945609,0.939741,0.933880,0.928028,0.922183,0.916347,0.910522,0.904708,0.898905,0.893117,0.887343,0.881587,0.875850,0.870134,0.864443,0.858779,0.853147,0.847553,0.842001,0.836500,0.831057,0.825686,0.820399,0.815216,0.810158,0.805257,0.800550,0.796089,0.791937,0.788179,0.784917,0.782275,0.780380,0.779350,0.779253,0.780094,0.781811,0.784295,0.787420,0.791067,0.795127,0.799516,0.804163,0.809016,0.814033,0.819184,0.824441,0.829788,0.835207,0.840689,0.846222,0.851800,0.857416,0.863065,0.868743,0.874446,0.880171,0.885916,0.891677,0.897456,0.903247,0.909052,0.914868,0.920695,0.926531,0.932375,0.938228,0.944088,0.949954,0.955827,0.961705,0.967589,0.973478,0.979372,0.985270,0.991172,0.997057
0.9000,-0.000453,0.000441,0.001366,0.002319,0.003301,0.004313,0.005359,0.006443,0.007567,0.008737,0.009954,0.011223,0.012549,0.013937,0.015393,0.016923,0.018536,0.020240,0.022046,0.023967,0.026017,0.028213,0.030576,0.033130,0.035905,0.038937,0.042267,0.045944,0.050024,0.054561,0.059593,0.065105,0.070986,0.077019,0.082935,0.088517,0.093646,0.098293,0.102483,0.106263,0.109686,0.112801,0.115651,0.118274,0.120699,0.122953,0.125057,0.127030,0.128885,0.130637,0.132297,0.133872,0.135373,0.136804,0.138174,0.139486,0.140745,0.141956,0.143121,0.144243,0.145327,0.146374,0.147387,0.148236,0.149675,0.150192,0.151110,0.152053,0.153017,0.154003,0.155012,0.156047,0.157107,0.158196,0.159315,0.160464,0.161647,0.162864,0.164118,0.165412,0.166747,0.168128,0.169557,0.171037,0.172573,0.174169,0.175831,0.177562,0.179371,0.181263,0.183246,0.185330,0.187525,0.189842,0.192295,0.194899,0.197672,0.200635,0.203809,0.207222,0.210902,0.214880,0.219186,0.223846,0.228874,0.234260,0.239959,0.245877,0.251881,0.257821,0.263563,0.269010,0.274109,0.278845,0.283225,0.287274,0.291021,0.294496,0.297729,0.300746,0.303571,0.306225,0.308727,0.311092,0.313333,0.315464,0.317494,0.319432,0.321286,0.323064,0.324771,0.326413,0.327995,0.329521,0.330996,0.332422,0.333803,0.335141,0.336441,0.337703,0.338930,0.340124,0.341287,0.342419,0.343523,0.344599,0.345650,0.346675,0.347674,0.348646,0.349549,1.002942,0.997037,0.991137,0.985241,0.979350,0.973465,0.967585,0.961713,0.955849,0.949994,0.944149,0.938315,0.932495,0.926689,0.920901,0.915132,0.909386,0.903668,0.897981,0.892332,0.886729,0.881181,0.875703,0.870310,0.865026,0.859884,0.854924,0.850209,0.845824,0.841894,0.838590,0.836135,0.834760,0.834624,0.835731,0.837940,0.841033,0.844797,0.849054,0.853675,0.858564,0.863653,0.868894,0.874253,0.879703,0.885228,0.890811,0.896443,0.902114,0.907819,0.913552,0.919310,0.925087,0.930883,0.936694,0.942519,0.948355,0.954203,0.960059,0.965925,0.971797,0.977677,0.983562,0.988593,1.002128,0.998657,0.992745,0.986838,0.980934,0.975034,0.969139,0.963248,0.957362,0.951481,0.945606,0.939739,0.933877,0.928024,0.922179,0.916343,0.910517,0.904702,0.898900,0.893111,0.887337,0.881581,0.875843,0.870127,0.864435,0.858772,0.853140,0.847546,0.841994,0.836494,0.831052,0.825682,0.820397,0.815215,0.810160,0.805261,0.800557,0.796098,0.791947,0.788191,0.784930,0.782289,0.780395,0.779364,0.779265,0.780105,0.781819,0.784301,0.787424,0.791069,0.795128,0.799516,0.804163,0.809015,0.814032,0.819182,0.824439,0.829785,0.835205,0.840687,0.846220,0.851798,0.857414,0.863063,0.868741,0.874444,0.880169,0.885914,0.891676,0.897455,0.903247,0.909052,0.914868,0.920695,0.926531,0.932376,0.938228,0.944088,0.949954,0.955827,0.961706,0.967590,0.973478,0.979372,0.985270,0.991172,0.997057
1.0000,-0.000453,0.000441,0.001366,0.002320,0.003302,0.004315,0.005363,0.006448,0.007574,0.008744,0.009963,0.011234,0.012562,0.013952,0.015410,0.016943,0.018558,0.020265,0.022073,0.023997,0.026049,0.028248,0.030613,0.033169,0.035945,0.038978,0.042309,0.045987,0.050067,0.054603,0.059634,0.065144,0.071025,0.077058,0.082975,0.088558,0.093689,0.098338,0.102529,0.106311,0.109735,0.112851,0.115701,0.118323,0.120748,0.123000,0.125102,0.127072,0.128925,0.130675,0.132331,0.133903,0.135400,0.136829,0.138195,0.139504,0.140761,0.141968,0.143130,0.144250,0.145331,0.146377,0.147388,0.148236,0.149675,0.150194,0.151110,0.152049,0.153008,0.153989,0.154992,0.156020,0.157075,0.158157,0.159269,0.160412,0.161589,0.162800,0.164048,0.165336,0.166666,0.168042,0.169466,0.170942,0.172475,0.174068,0.175727,0.177457,0.179264,0.181155,0.183139,0.185224,0.187421,0.189741,0.192198,0.194807,0.197587,0.200557,0.203740,0.207162,0.210852,0.214840,0.219156,0.223826,0.228862,0.234255,0.239957,0.245876,0.251879,0.257820,0.263562,0.269012,0.274117,0.278861,0.283254,0.287317,0.291080,0.294572,0.297821,0.300854,0.303694,0.306362,0.308876,0.311251,0.313501,0.315638,0.317673,0.319613,0.321468,0.323244,0.324947,0.326585,0.328160,0.329679,0.331145,0.332562,0.333933,0.335262,0.336550,0.337801,0.339018,0.340201,0.341352,0.342474,0.343567,0.344633,0.345673,0.346689,0.347681,0.348646,0.349549,1.002942,0.997037,0.991137,0.985241,0.979350,0.973465,0.967586,0.961714,0.955850,0.949995,0.944150,0.938317,0.932497,0.926692,0.920904,0.915136,0.909391,0.903673,0.897987,0.892339,0.886737,0.881191,0.875713,0.870321,0.865038,0.859896,0.854936,0.850222,0.845837,0.841907,0.838602,0.836145,0.834766,0.834627,0.835731,0.837937,0.841027,0.844788,0.849044,0.853664,0.858551,0.863640,0.868881,0.874240,0.879691,0.885216,0.890800,0.896433,0.902105,0.907811,0.913545,0.919303,0.925082,0.930878,0.936690,0.942515,0.948352,0.954200,0.960058,0.965923,0.971797,0.977676,0.983562,0.988593,1.002128,0.998657,0.992745,0.986837,0.980933,0.975032,0.969136,0.963244,0.957356,0.951475,0.945599,0.939730,0.933867,0.928013,0.922166,0.916329,0.910502,0.904686,0.898882,0.893093,0.887318,0.881560,0.875822,0.870106,0.864413,0.858750,0.853118,0.847525,0.841974,0.836474,0.831035,0.825667,0.820385,0.815208,0.810157,0.805265,0.800569,0.796119,0.791979,0.788235,0.784987,0.782358,0.780475,0.779454,0.779361,0.780201,0.781912,0.784387,0.787501,0.791134,0.795180,0.799555,0.804188,0.809029,0.814035,0.819176,0.824425,0.829765,0.835178,0.840656,0.846186,0.851762,0.857376,0.863025,0.868702,0.874406,0.880132,0.885879,0.891642,0.897423,0.903217,0.909024,0.914842,0.920672,0.926510,0.932357,0.938212,0.944074,0.949943,0.955818,0.961698,0.967584,0.973474,0.979369,0.985269,0.991172,0.997057
1.1000,-0.000453,0.000440,0.001366,0.002321,0.003305,0.004321,0.005371,0.006459,0.007588,0.008762,0.009984,0.011259,0.012590,0.013984,0.015446,0.016984,0.018603,0.020315,0.022129,0.024058,0.026115,0.028318,0.030688,0.033249,0.036030,0.039066,0.042399,0.046078,0.050158,0.054694,0.059723,0.065232,0.071111,0.077144,0.083062,0.088648,0.093783,0.098436,0.102632,0.106418,0.109846,0.112963,0.115815,0.118437,0.120861,0.123111,0.125210,0.127177,0.129025,0.130769,0.132419,0.133986,0.135476,0.136897,0.138256,0.139557,0.140806,0.142006,0.143160,0.144273,0.145347,0.146386,0.147392,0.148236,0.149675,0.150194,0.151110,0.152049,0.153008,0.153988,0.154991,0.156018,0.157072,0.158153,0.159264,0.160406,0.161580,0.162790,0.164036,0.165322,0.166649,0.168022,0.169443,0.170915,0.172444,0.174033,0.175687,0.177412,0.179214,0.181101,0.183080,0.185161,0.187354,0.189672,0.192128,0.194737,0.197519,0.200492,0.203682,0.207112,0.210811,0.214809,0.219136,0.223814,0.228858,0.234256,0.239961,0.245881,0.251885,0.257824,0.263567,0.269020,0.274131,0.278884,0.283289,0.287368,0.291148,0.294657,0.297923,0.300971,0.303823,0.306499,0.309018,0.311394,0.313642,0.315774,0.317802,0.319735,0.321580,0.323347,0.325042,0.326670,0.328238,0.329748,0.331207,0.332617,0.333982,0.335305,0.336588,0.337834,0.339046,0.340224,0.341372,0.342490,0.343580,0.344642,0.345680,0.346693,0.347682,0.348646,0.349549,1.002942,0.997037,0.991137,0.985241,0.979351,0.973466,0.967587,0.961716,0.955852,0.949998,0.944154,0.938322,0.932503,0.926699,0.920912,0.915145,0.909401,0.903685,0.898000,0.892354,0.886753,0.881209,0.875733,0.870344,0.865063,0.859923,0.854965,0.850251,0.845867,0.841936,0.838629,0.836168,0.834784,0.834639,0.835735,0.837934,0.841017,0.844773,0.849025,0.853641,0.858526,0.863614,0.868854,0.874213,0.879665,0.885191,0.890776,0.896410,0.902083,0.907791,0.913527,0.919287,0.925067,0.930865,0.936678,0.942505,0.948344,0.954194,0.960052,0.965920,0.971794,0.977675,0.983562,0.988593,1.002128,0.998657,0.992745,0.986837,0.980933,0.975032,0.969135,0.963243,0.957356,0.951474,0.945598,0.939729,0.933866,0.928011,0.922164,0.916327,0.910499,0.904682,0.898878,0.893087,0.887311,0.881553,0.875813,0.870095,0.864402,0.858737,0.853103,0.847508,0.841956,0.836455,0.831015,0.825648,0.820366,0.815192,0.810145,0.805258,0.800569,0.796128,0.791999,0.788266,0.785031,0.782413,0.780541,0.779527,0.779439,0.780281,0.781989,0.784458,0.787561,0.791182,0.795215,0.799575,0.804195,0.809023,0.814018,0.819150,0.824393,0.829728,0.835140,0.840617,0.846148,0.851726,0.857342,0.862994,0.868674,0.874381,0.880110,0.885859,0.891625,0.897408,0.903203,0.909012,0.914832,0.920663,0.926502,0.932351,0.938206,0.944069,0.949939,0.955815,0.961696,0.967582,0.973473,0.979369,0.985268,0.991172,0.997057
